personID,label,fullname,years,gender
48298,"Adams, John","Adams, John (1735-1826)",1735-1826,Man
58180,"Smith, Isaac, Jr.","Smith, Isaac, Jr. (1749-1829, cousin of AA)",1749-1829,Man
365436,"Cooper, Samuel","Cooper, Samuel (b. 1759)",1759-,Man
52222,"Franklin, Benjamin","Franklin, Benjamin (1706-1790)",1706-1790,Man
254155,"Hewson, Mary ""Polly"" Stevenson","Hewson, Mary ""Polly"" Stevenson",,Woman
52160,"Forster, Johann","Forster, Johann (John) Reinhold (1729-1798)",1729-1798,Man
53591,"Horry, Harriott Pinckney","Horry, Harriott Pinckney (1748-1830)",1748-1830,Woman
338365,"Martin, Elizabeth Trapier","Martin, Elizabeth Trapier (1745-1817)",1745-1817,Woman
338099,"Blake, Elizabeth Izard,","Blake, Elizabeth Izard, (Mrs. Daniel) (d. 1792)",-1792,Woman
56849,"Pinckney, Thomas","Pinckney, Thomas (1750-1828)",1750-1828,Man
57634,"Rush, Benjamin","Rush, Benjamin (1746-1813)",1746-1813,Man
251896,"Franklin, Deborah","Franklin, Deborah (1708-1774)",1708-1774,Woman
49388,"Bowdoin, James, Jr.","Bowdoin, James, Jr. (1752-1811)",1752-1811,Man
59627,"Washington, George","Washington, George (1732-1799)",1732-1799,Man
49367,"Boucher, Jonathan","Boucher, Jonathan (1738-1804)",1738-1804,Man
304845,"Hawkesworth, John","Hawkesworth, John",1715-1773,Man
55840,"Moore, Bernard","Moore, Bernard (1720-1775)",1720-1775,Man
250648,"Foxcroft, John","Foxcroft, John (1740-1802, 2)",1740-1802,Man
60052,"Williams, Jonathan","Williams, Jonathan (1719-1796)",1719-1796,Man
RN-ORG-0248,,,,
RN-ORG-0348,,,,
59617,"Washington, Charles","Washington, Charles (1738-1799)",1738-1799,Man
348988,"Henly, William","Henly, William",-1779,Man
54327,"Knox, William","Knox, William (1732-1810)",1732-1810,Man
348674,"Garrigues, Isaac","Garrigues, Isaac",1741-,Man
51018,"Cushing, Thomas","Cushing, Thomas (1725-1788)",1725-1788,Man
278442,"Winthrop, John","Winthrop, John (1747-1800)",1747-1800,Man
49790,"Bullitt, Thomas","Bullitt, Thomas (1730-1778)",1730-1778,Man
298977,"Evans, Cadwalader","Evans, Cadwalader (1749-1821)",1749-1821,Man
128909,"Rhoads, Samuel","Rhoads, Samuel (1711-1784)",1711-1784,Man
350648,"Sherwood, Joseph","Sherwood, Joseph",1708-1773,Man
348621,"French, Katherine","French, Katherine",,Woman
RN-BUS-0067,,,,
53967,"Jefferson, Thomas","Jefferson, Thomas (1743-1826)",1743-1826,Man
239913,"Adams, Thomas","Adams, Thomas (1730-1788)",1730-1788,Man
56342,"Ogilvie, James","Ogilvie, James (1760-1820)",1760-1820,Man
48276,"Adams, Abigail Smith","Adams, Abigail Smith (1744-1818)",1744-1818,Woman
348128,"Deane, Mrs.","Deane, Mrs.",,Woman
348249,"Drage, Theodorus Swaine","Drage, Theodorus Swaine",1712-1774,Man
54102,"Jones, Noble Wimberly","Jones, Noble Wimberly (1723-1805)",1723-1805,Man
RN-PER-0814,,,,
50035,"Campbell, Matthew","Campbell, Matthew (d. 1782)",-1782,Man
347950,"Collinson, Michael","Collinson, Michael",1727-1795,Man
348034,"Crafton, Robert","Crafton, Robert",-,Man
249552,"Drummond, Mrs.","Drummond, Mrs.",-,Woman
349130,"Jennings, Susannah","Jennings, Susannah",1725-1802,Woman
51588,"Dumas, Charles William Frederic","Dumas, Charles William Frederic (1721-1796, U.S. agent at The Hague)",1721-1796,Man
129036,"Hope, John","Hope, John (1725-1786)",1725-1786,Man
52228,"Franklin, William","Franklin, William (1731-1813)",1731-1813,Man
283612,"Burke, Thomas","Burke, Thomas (1747-1783)",1747-1783,Man
271355,"Strahan, William","Strahan, William",1715-1785,Man
52344,"Galloway, Joseph","Galloway, Joseph (1731-1803)",1731-1803,Man
52981,"Hamilton, Alexander","Hamilton, Alexander (1757-1804)",1757-1804,Man
RN-PER-0636,,,,
60114,"Wilson, Alexander","Wilson, Alexander (1714-1786)",1714-1786,Man
50914,"Crawford, William","Crawford, William (1732-1782)",1732-1782,Man
57069,"Priestley, Joseph","Priestley, Joseph (1733-1804)",1733-1804,Man
56635,"Peale, Charles Willson","Peale, Charles Willson (1741-1827)",1741-1827,Man
349728,"Marshall, Humphry","Marshall, Humphry",1722-1801,Man
348416,"Empson, Elizabeth Soumaine","Empson, Elizabeth Soumaine",-,Woman
349202,"Kettilby, J. G.","Kettilby, J. G.",-,Man
255932,"Hughes, Edward","Hughes, Edward (sir)",1720-1794,Man
350644,"Sharpe, Joshua","Sharpe, Joshua",1716-1786,Man
48904,"Bartram, John","Bartram, John (1699-1777)",1699-1777,Man
58264,"Smith, William","Smith, William (1727-1803)",1727-1803,Man
347912,"Clarke, Anne Johnson","Clarke, Anne Johnson",-,Woman
57219,"Randolph, Thomas Mann, Sr.","Randolph, Thomas Mann, Sr. (1741-1794)",1741-1794,Man
RN-PER-0356,,,,
347756,"Canton, John","Canton, John (1718-1772)",1718-1772,Man
59669,"Washington, Lund","Washington, Lund (1737-1796)",1737-1796,Man
RN-ORG-0186,,,,
56717,"Percival, Thomas","Percival, Thomas (1740-1807)",1740-1807,Man
260645,"Le Roy, Jean-Baptiste","Le Roy, Jean-Baptiste (1720-1800)",1720-1800,Man
58178,"Smith, Isaac","Smith, Isaac (1736-1807)",1736-1807,Man
251429,"Franklin, Samuel","Franklin, Samuel (1737-1807)",1737-1807,Man
55091,"Madison, James","Madison, James (1751-1836)",1751-1836,Man
49447,"Boyle, John","Boyle, John (1746-1819)",1746-1819,Man
RN-PER-0050,,,,
56981,"Posey, John Price","Posey, John Price (1752-1788)",1752-1788,Man
51542,"Dubourg, Jacques Barbeu","Dubourg, Jacques Barbeu (1709-1779)",1709-1779,Man
RN-BUS-0074,,,,
51027,"Custis, John Parke","Custis, John Parke (1754-1781)",1754-1781,Man
274547,"Turpin, Thomas","Turpin, Thomas",-,Man
53938,"Jamieson, Neil","Jamieson, Neil (tobacco merchant)",-,Man
54535,"Lee, Arthur","Lee, Arthur (b. 1761)",1761-,Man
48320,"Adams, Samuel","Adams, Samuel (1722–1803)",1722-1803,Man
301095,"Miller, John Peter","Miller, John Peter (1709-1796)",1709-1796,Man
273980,"Todd, Anthony","Todd, Anthony",1717-1798,Man
269146,"Ridley, Matthew White","Ridley, Matthew White (1745-1813, England)",1745-1813,Man
56846,"Pinckney, Charles Cotesworth","Pinckney, Charles Cotesworth (1746-1825)",1746-1825,Man
247412,"Crane, Stephen","Crane, Stephen",1709-1780,Man
59253,"Valentine, Joseph","Valentine, Joseph (1709-1771)",1709-1771,Man
58006,"Shipley, Jonathan","Shipley, Jonathan (1714-1788)",1714-1788,Man
RN-ORG-0347,,,,
56931,"Polson, John, Sr.","Polson, John, Sr. (d. 1778)",-1778,Man
48273,"Adam, Robert","Adam, Robert (1731-1789)",1731-1789,Man
RN-ORG-0358,,,,
58560,"Stiles, Ezra","Stiles, Ezra (1727-1795)",1727-1795,Man
RN-PER-0752,,,,
RN-GRP-0018,,,,
269254,"Randolph, Peyton","Randolph, Peyton (1738-1794)",1738-1794,Man
305328,"Colden, Alexander","Colden, Alexander (son of Cadwallader Colden, Jr.)",-,Man
49325,"Bond, Thomas, Jr.","Bond, Thomas, Jr. (1743-1794)",1743-1794,Man
60390,"Zubly, John Joachim","Zubly, John Joachim (1724-1781)",1724-1781,Man
128989,"Kinnersley, Ebenezer","Kinnersley, Ebenezer (1711-1778)",1711-1778,Man
55580,"Mecom, Jane Franklin","Mecom, Jane Franklin (1712-1794)",1712-1794,Woman
52480,"Gildart, James","Gildart, James",-,Man
RN-PER-0689,,,,
51393,"Didsbury, John","Didsbury, John (1759-1811)",1759-1811,Man
RN-PER-0296,,,,
52654,"Graham, Catharine Sawbridge Macaulay","Graham, Catharine Sawbridge Macaulay (1731-1791)",1731-1791,Woman
278839,"Ogilvie, John","Ogilvie, John",1733-1813,Man
RN-BUS-0060,,,,
RN-BUS-0073,,,,
278279,"Whitehurst (Whitford), John","Whitehurst (Whitford), John",1713-1788,Man
53901,"Jackson, Richard","Jackson, Richard (1721-1787)",1721-1787,Man
272880,"Skipwith, Robert","Skipwith, Robert (spouse of Tabitha Wayles)",-,Man
58136,"Small, William","Small, William (1734-1775)",1734-1775,Man
269921,"Shipley, Anna Maria Mordaunt","Shipley, Anna Maria Mordaunt (1716-1803, wife of Jonathan)",1716-1803,Woman
50941,"Croghan, George","Croghan, George (1720-1782)",1720-1782,Man
255429,"Hunter, William","Hunter, William (1756-1814)",1756-1814,Man
53382,"Hewson, William","Hewson, William (1739-1774)",1739-1774,Man
57779,"Savage, Margaret Green","Savage, Margaret Green (d. 1781)",-1781,Woman
55614,"Mercer, James","Mercer, James (1736-1793)",1737-1793,Man
53532,"Holt, John","Holt, John (1721-1784)",1721-1784,Man
RN-PER-0162,,,,
55097,"Madison, James Sr.","Madison, James Sr. (1723-1801)",1723-1801,Man
RN-ORG-0254,,,,
274969,"Timothy, Peter","Timothy, Peter",1720-1781,Man
50964,"Cruger, Nicholas","Cruger, Nicholas (1743-1800)",1743-1800,Man
RN-ORG-0157,,,,
347256,"Balfour, John","Balfour, John",-,Man
49400,"Bowen, Penuel","Bowen, Penuel (1742-1788)",1742-1788,Man
55611,"Mercer, George","Mercer, George (1733-1784)",1733-1784,Man
RN-PER-0454,,,,
52190,"Fothergill, John","Fothergill, John (1712-1780)",1712-1780,Man
300002,"Noble, Samuel","Noble, Samuel (1720-1787)",1720-1787,Man
299909,"Hunt, Isaac","Hunt, Isaac (1742-1809)",1742-1809,Man
RN-ORG-0096,,,,
55150,"Manley, Harrison","Manley, Harrison (1740-1773)",1740-1773,Man
303623,"Cruger, Tileman","Cruger, Tileman (Teleman) (son of Henry Cruger, Sr., brother of John Harris, Henry, Jr., and Nicholas Cruger)",-,Man
264616,"Newton, William","Newton, William (of Saint Croix)",-,Man
349175,"Home, Agatha Drummond","Home, Agatha Drummond",1711-1795,Woman
301408,"Ashburner, Thomas","Ashburner, Thomas",-,Man
RN-PER-0279,,,,
347487,"Blunt, Dorothea","Blunt, Dorothea",1733-1809,Woman
245765,"Cruger, John Harris","Cruger, John Harris (1737-1807)",1737-1807,Man
RN-PER-0798,,,,
347244,"Bache, Mary Blechynden","Bache, Mary Blechynden",-,Woman
48678,"Bache, Richard","Bache, Richard (1737-1811)",1737-1811,Man
59680,"Washington, Samuel","Washington, Samuel (1734-1781)",1734-1781,Man
240577,"Bollan, William","Bollan, William",1710-1776,Man
52698,"Graves, Richard Croshor","Graves, Richard Croshor (1735-1798)",1735-1798,Man
53412,"Hill, James","Hill, James (1736-1802)",1736-1802,Man
58237,"Smith, Richard","Smith, Richard (1735-1803)",1735-1803,Man
56770,"Pettit, Charles","Pettit, Charles (1736-1806)",1736-1806,Man
60053,"Williams, Jonathan","Williams, Jonathan (1750-1815)",1750-1815,Man
56686,"Pendleton, John","Pendleton, John (1719-1799)",1719-1799,Man
239158,"Addenbrooke, Thomas","Addenbrooke, Thomas",-,Man
RN-PER-0265,,,,
59743,"Wayles, John","Wayles, John (1715-1773)",1715-1773,Man
51100,"Dandridge, Bartholomew","Dandridge, Bartholomew (1737-1785)",1737-1785,Man
RN-ORG-0196,,,,
48916,"Bassett, Burwell","Bassett, Burwell (1734-1793)",1734-1793,Man
310484,"Davenport, Joseph Matthews","Davenport, Joseph Matthews",1758-1793,Man
53956,"Jay, John","Jay, John (1745-1829)",1745-1829,Man
54199,"Kempe, John Tabor","Kempe, John Tabor (1735-1795)",1735-1795,Man
338147,"Pinckney, Eliza Lucas","Pinckney, Eliza Lucas (1722-1793)",1722-1793,Woman
276379,"Walsh, John","Walsh, John",-,Man
57074,"Pringle, John","Pringle, John (1707-1782)",1707-1782,Man
RN-PER-0098,,,,
349749,"Maseres, Francis","Maseres, Francis",1731-1824,Man
57820,"Schuyler, Philip John","Schuyler, Philip John (1733-1804)",1733-1804,Man
RN-PER-0817,,,,
53139,"Harrison, Robert Hanson","Harrison, Robert Hanson (1745-1790)",1745-1790,Man
RN-PER-0232,,,,
48674,"Babcock, Joshua","Babcock, Joshua (1707-1783)",1707-1783,Man
252816,"Greene, Catharine Littlefield","Greene, Catharine Littlefield (1755-1814)",1753-1814,Woman
350149,"Partridge, Elizabeth Hubbart","Partridge, Elizabeth Hubbart",1728-1814,Woman
59574,"Ward, Samuel, Jr.","Ward, Samuel, Jr. (1756-1832)",1756-1832,Man
350889,"Tissington, Anthony","Tissington, Anthony",-,Man
351064,"Walker, Hannah Farrow","Walker, Hannah Farrow",1724-,Woman
RN-PER-0782,,,,
300782,"Stevenson, Margaret","Stevenson, Margaret",-,Woman
51889,"Fairfax, Bryan","Fairfax, Bryan (1736-1802)",1736-1802,Man
56864,"Piper, Harry","Piper, Harry (d. 1780)",-1780,Man
48680,"Bache, Sarah Franklin","Bache, Sarah Franklin (1743-1808)",1743-1808,Woman
52931,"Hall, David","Hall, David (1714-1772)",1714-1772,Man
57209,"Randolph, Richard","Randolph, Richard (d. 1786)",1716-1786,Man
255412,"Hunter, George","Hunter, George (1713-1779)",1713-1779,Man
348675,"Garrigues, Rebecca Haydock","Garrigues, Rebecca Haydock",-,Woman
318099,"Morgan, John","Morgan, John (b. c. 1755)",1755-,Man
58211,"Smith, Joseph","Smith, Joseph (born c. 1751)",1751-,Man
58248,"Smith, Samuel","Smith, Samuel (1749-1836)",1749-1836,Man
53713,"Hume, David","Hume, David (1808-1857)",1808-1857,Man
57063,"Price, Richard","Price, Richard (1723-1791)",1723-1791,Man
286121,"Alleyne, John Foster","Alleyne, John Foster (1762-1823)",1762-1823,Man
350494,"Ronayne, Thomas","Ronayne, Thomas",-1800,Man
267979,"Rogers, Robert","Rogers, Robert (1731-1795)",1731-1795,Man
247465,"Cruger, Henry Jr.","Cruger, Henry Jr. (1739-1827)",1739-1827,Man
305548,"Gregg, Thomas","Gregg, Thomas",-,Man
365612,"Huske, John","Huske, John (1724-1773)",1724-1773,Man
348031,"Cowper, Lancelot","Cowper, Lancelot",-,Man
54019,"Johnson, John","Johnson, John (1745-1811, doctor; of Md.)",1745-1811,Man
59671,"Washington, Martha Dandridge Custis","Washington, Martha Dandridge Custis (1731-1802)",1731-1802,Woman
54035,"Johnson, Thomas, Jr.","Johnson, Thomas, Jr. (1732-1819)",1732-1819,Man
351103,"Wheeler, Richard","Wheeler, Richard",-,Man
RN-ORG-0281,,,,
348676,"Garth, Charles","Garth, Charles",1734-1784,Man
272894,"Small, Alexander","Small, Alexander",-,Man
52229,"Franklin, William Temple","Franklin, William Temple (1762-1823)",1762-1823,Man
49076,"Benezet, Anthony","Benezet, Anthony (1713-1784)",1713-1784,Man
305669,"Carter, James","Carter, James",-,Man
59012,"Tilghman, James, Jr.","Tilghman, James, Jr. (1748-1796)",1748-1796,Man
52345,"Galloway, Samuel","Galloway, Samuel (1720-1785)",1720-1785,Man
48750,"Balfour, James","Balfour, James (d. 1775)",-1775,Man
302634,"Venton, Ann Lytton","Venton, Ann Lytton",-,Woman
RN-PER-0453,,,,
347280,"Barclay, David, Jr.","Barclay, David, Jr. (1729-1809)",1729-1809,Man
348124,"Dawson, Richard","Dawson, Richard",-,Man
RN-PER-0001,,,,
299950,"James, Abel","James, Abel (1760-1820)",1760-1820,Man
347646,"Brownrigg, William","Brownrigg, William",1711-1800,Man
49377,"Boulton, Matthew","Boulton, Matthew (1728-1809)",1728-1809,Man
51635,"Du Pont de Nemours, Pierre Samuel","Du Pont de Nemours, Pierre Samuel (1739-1817)",1739-1817,Man
51623,"Murray, John, fourth earl of Dunmore","Murray, John, fourth earl of Dunmore (1732-1809)",1732-1809,Man
346016,"Alexander, William","Alexander, William (banker)",1729-1819,Man
263147,"Morellet, André","Morellet, André (1727-1819, Abbé)",1727-1819,Man
52408,"Gates, Horatio","Gates, Horatio (1728-1806)",1728-1806,Man
263296,"McCaul, Alexander","McCaul, Alexander",-,Man
51170,"Davidson, James","Davidson, James (1732-1809)",1732-1809,Man
RN-BUS-0088,,,,
58991,"Thorpe, Susanna","Thorpe, Susanna",-,Woman
318103,"Wood, William","Wood, William (b. c. 1754)",1754-,Man
51146,"Darwin, Erasmus","Darwin, Erasmus (1731-1802)",1731-1802,Man
48282,"Adams, Daniel Jenifer","Adams, Daniel Jenifer (1751-1796)",1751-1796,Man
50090,"Carlyle, John","Carlyle, John (1720-1780)",1720-1780,Man
RN-PER-0386,,,,
59733,"Watson, William","Watson, William (1730-1815)",1730-1815,Man
RN-PER-0819,,,,
246893,"Cavendish, Henry","Cavendish, Henry (1731-1810)",1731-1810,Man
58644,"Strettell, Amos","Strettell, Amos (1720-1780)",1720-1780,Man
RN-PER-0820,,,,
350897,"Toderini, Giambattista","Toderini, Giambattista",1728-1799,Man
299475,"Coombe, Thomas","Coombe, Thomas (c.1720-1799)",1720-1799,Man
274002,"Towers, Robert","Towers, Robert",-1779,Man
54507,"Leacock, Joseph","Leacock, Joseph (1735-1804)",1735-1804,Man
RN-PER-0751,,,,
347570,"Bowden, William","Bowden, William",-,Man
56683,"Pendleton, Edmund","Pendleton, Edmund (1721-1803)",1721-1803,Man
51913,"Falconer, Nathaniel","Falconer, Nathaniel (1729-1806)",1729-1806,Man
49934,"Cabell, William","Cabell, William (1730-1798)",1730-1798,Man
349298,"La Vrillière, Louis-Phélypeaux, duc de","La Vrillière, Louis-Phélypeaux, duc de",1705-1777,Man
RN-PER-0220,,,,
347456,"Biheron, Marie-Catherine","Biheron, Marie-Catherine",1719-1786,Woman
58481,"Stephenson, Hugh","Stephenson, Hugh (d. 1776)",-1776,Man
50704,"Connolly, John","Connolly, John (1743-1813)",1743-1813,Man
49312,"Bomford, Sarah","Bomford, Sarah",-,Woman
348939,"Hare-Naylor, Georgiana Shipley","Hare-Naylor, Georgiana Shipley",1756-1806,Woman
242467,"Belgioioso-Este, Ludovico Antonio Barbiano, Count di","Belgioioso-Este, Ludovico Antonio Barbiano, Count di",1728-1803,Man
54707,"Lewis, John","Lewis, John (1720-1794)",1720-1794,Man
58075,"Simpson, Gilbert, Sr.","Simpson, Gilbert, Sr. (1699-1773)",1699-1773,Man
349133,"Jesser, --","Jesser, --",-,Man
248843,"Dixon, John","Dixon, John (c. 1740-1791)",1740-1791,Man
272580,"Saussure, Horace Bénédict de","Saussure, Horace Bénédict de",1740-1799,Man
49482,"Bradford, William","Bradford, William (1739-1794, of Md.)",1739-1794,Man
53837,"Inglis, Samuel","Inglis, Samuel (1745-1783)",1745-1783,Man
129039,"Hutton, James","Hutton, James (1726-1797)",1726-1797,Man
55216,"Marshall, William","Marshall, William (1740-1802)",1740-1802,Man
RN-ORG-0043,,,,
351093,"Westerholt, Frederik Borchard Lodewijk van","Westerholt, Frederik Borchard Lodewijk van",1726-1775,Man
55530,"McMickan, Robert","McMickan, Robert",-,Man
365503,"Baynes, John","Baynes, John (1758-1787)",1758-1787,Man
RN-ORG-0301,,,,
55177,"Marchant, Henry","Marchant, Henry (1741-1796)",1741-1796,Man
52279,"Freneau, Philip","Freneau, Philip (1752-1832)",1752-1832,Man
RN-ORG-0300,,,,
305324,"Colden, David","Colden, David (son of Gov. Cadwallader Colden)",1733-1784,Man
53687,"Hughes, John","Hughes, John (1758-1826)",1758-1826,Man
251116,"Foxcroft, Thomas","Foxcroft, Thomas (d. 1785)",-1785,Man
49584,"Briscoe, John","Briscoe, John (1717-1788)",1717-1788,Man
339266,"Jones, Edward","Jones, Edward (1738-1829)",1738-1829,Man
51144,"Dartmouth, William Legge, second earl of","Dartmouth, William Legge, second earl of (1731-1801)",1731-1801,Man
48682,"Bache, Theophylact","Bache, Theophylact (1735-1807)",1735-1807,Man
RN-ORG-0188,,,,
RN-ORG-0407,,,,
240990,"Baker, Francis","Baker, Francis",-,Man
51894,"Fairfax, George William","Fairfax, George William (1727-1787)",1727-1787,Man
54694,"Lewis, Fielding, Sr.","Lewis, Fielding, Sr. (1725-1781)",1725-1781,Man
48302,"Adams, John Quincy","Adams, John Quincy (1767-1848)",1767-1848,Man
50883,"Cranch, Elizabeth Palmer","Cranch, Elizabeth Palmer (1744-1814)",1744-1814,Woman
56284,"Norton, Elizabeth Cranch","Norton, Elizabeth Cranch (1763-1811)",1763-1811,Woman
RN-PER-0549,,,,
120436,"Le Veillard, Geneviève Elisabeth Belamy","Le Veillard, Geneviève Elisabeth Belamy",-,Woman
300217,"Zane, Isaac","Zane, Isaac (1711-1794)",1711-1794,Man
55093,"Madison, James","Madison, James (1749-1812)",1749-1812,Man
263073,"Minor, John","Minor, John (1761-1816)",1761-1816,Man
350112,"O'Gorman, Thomas, chevalier","O'Gorman, Thomas, chevalier (1732-1809)",1732-1809,Man
RN-ORG-0413,,,,
RN-PER-0074,,,,
56202,"Newton, Thomas","Newton, Thomas (1742-1807)",1742-1807,Man
49508,"Brattle, William","Brattle, William (1706-1776)",1706-1776,Man
269601,"Rosier, Jean-Baptiste François de, Abbé","Rosier, Jean-Baptiste François de, Abbé (1734-1793)",1734-1793,Man
243410,"Bevins (Bivins), James","Bevins (Bivins), James",-,Man
53798,"Hutchinson, Thomas","Hutchinson, Thomas (1711-1780)",1711-1780,Man
337982,"Bedford, Jane Ballareau Parker","Bedford, Jane Ballareau Parker",1746-1831,Woman
268105,"Randall, Robert Richard","Randall, Robert Richard (c.1750-1801)",1750-1801,Man
51904,"Fairfax, Thomas","Fairfax, Thomas (1693-1781)",1693-1781,Man
57140,"Quincy, Josiah, Sr.","Quincy, Josiah, Sr. (1710-1784)",1710-1784,Man
56477,"Palmer, Joseph","Palmer, Joseph (1716-1788)",1716-1788,Man
RN-PER-0083,,,,
316082,"Hunter, James","Hunter, James (c. 1760-1795)",1760-1795,Man
257845,"Johnston, James","Johnston, James (1738-1808, Chatham)",1738-1808,Man
348113,"Davenport, Josiah Franklin","Davenport, Josiah Franklin",1727-,Man
266401,"Potts, Samuel","Potts, Samuel",-,Man
51089,"Dalton, John","Dalton, John (d. 1777)",1702-1777,Man
56778,"Peyton, Craven","Peyton, Craven (d. 1781)",1732-1781,Man
262981,"McPherson, Charles","McPherson, Charles",-,Man
50771,"Cooper, William","Cooper, William (1721-1809, clerk)",1721-1809,Man
251955,"Fry, John","Fry, John",-,Man
51690,"Eden, Robert","Eden, Robert (1741-1784)",1741-1784,Man
58997,"Thruston, Charles Mynn","Thruston, Charles Mynn (1738-1812)",1738-1812,Man
60229,"Wood, James","Wood, James (1741-1813)",1741-1813,Man
52245,"Frazer, John Gizzage","Frazer, John Gizzage (Grizzage)",-,Man
59654,"Washington, John","Washington, John (c.1752-1804)",1752-1804,Man
50361,"Chester, Peter","Chester, Peter (1717-1799)",1717-1799,Man
49982,"Calvert, Benedict","Calvert, Benedict (1722-1788, Benedict Swingate)",1722-1788,Man
96552,"Woodward, Richard","Woodward, Richard (1726-1794)",1726-1794,Man
365466,"Deane, William","Deane, William (d. 1793)",-,Man
53106,"Harris, Ann Eppes","Harris, Ann Eppes (1715-1787)",1715-1787,Woman
300563,"Wister (Wistar), Daniel","Wister (Wistar), Daniel",1738-1805,Man
57946,"Sharp, Granville","Sharp, Granville (1735-1813)",1735-1813,Man
55886,"Morgan, George","Morgan, George (1743-1810)",1743-1810,Man
55632,"Meredith, Reese","Meredith, Reese (1705-1777)",1705-1777,Man
55119,"Magowan, Walter","Magowan, Walter (d. 1784)",-1784,Man
249155,"Dalibard, Thomas François","Dalibard, Thomas François",1703-1799,Man
250962,"Fleming, William","Fleming, William (1736-1824)",1736-1824,Man
RN-PER-0163,,,,
258149,"King, Richard","King, Richard (1718-1775)",1718-1775,Man
240887,"Burbank, Silas, party in No. 2","Burbank, Silas, party in No. 2",-,Man
348109,"Daubenton, Edmé-Louis","Daubenton, Edmé-Louis",1732-1785,Man
50763,"Cooper, Myles","Cooper, Myles (d. 1785)",-1785,Man
55300,"Mather, Samuel","Mather, Samuel (1706-1785)",1706-1785,Man
349958,"Mores, Edward Rowe","Mores, Edward Rowe",1731-1778,Man
310366,"Charlton, Edward","Charlton, Edward (1750-1802)",1750-1802,Man
59513,"Walker, Thomas","Walker, Thomas (c. 1718-1788)",1718-1788,Man
53408,"Hill, Henry","Hill, Henry (1750-1827)",1750-1827,Man
53226,"Hawley, Joseph","Hawley, Joseph (1723-1788)",1723-1788,Man
349767,"Maty, Matthew","Maty, Matthew",1718-1786,Man
278212,"West, John, Sr.","West, John, Sr. (brother of Hugh West, d. 1777)",-,Man
RN-BUS-0053,,,,
59598,"Warren, Mercy Otis","Warren, Mercy Otis (1728-1814)",1728-1814,Woman
129713,"Danforth, Samuel","Danforth, Samuel (1740-1827)",1740-1827,Man
299527,"Cox, John","Cox, John (1754-1847)",1754-1847,Man
338282,"Cuthbert, John A.","Cuthbert, John A. (1760-1826)",1760-1826,Man
348508,"Fevre, Lewis","Fevre, Lewis",1741-1796,Man
257824,"Jackson, Charles","Jackson, Charles (1745-1823, Louisa)",1745-1823,Man
263257,"Macpherson, James","Macpherson, James",-,Man
239342,"Anderson, Edward","Anderson, Edward (d. 1774)",-1774,Man
276962,"Williams, John","Williams, John (1731-1799)",1731-1799,Man
60091,"Willis, Francis, Jr.","Willis, Francis, Jr. (1745-1829)",1745-1829,Man
48567,"Armstrong, John","Armstrong, John (1717-1795)",1717-1795,Man
58813,"Tayloe, John","Tayloe, John (1721-1779)",1721-1779,Man
274259,"Taylor, James","Taylor, James (1738-1808, court clerk)",1738-1808,Man
347685,"Burdett, Peter P.","Burdett, Peter P.",-1793,Man
52541,"Glascock, Thomas","Glascock, Thomas (1733-1775)",1733-1775,Man
240331,"Baskerville, John, printer","Baskerville, John, printer (1706-1775)",1706-1775,Man
50132,"Carroll, Daniel","Carroll, Daniel (1730-1796)",1730-1796,Man
351119,"Wilcox, Charles","Wilcox, Charles",-,Man
59357,"Vardill, John","Vardill, John (1749-1811)",1749-1811,Man
60131,"Wilson, Thomas","Wilson, Thomas (1703-1784)",1703-1784,Man
RN-PER-0011,,,,
48620,"Athawes, Samuel","Athawes, Samuel (1734-1822)",1734-1822,Man
50925,"Cresap, Michael","Cresap, Michael (1742-1775)",1742-1775,Man
60330,"Yates, Charles","Yates, Charles (1728-1809)",1728-1809,Man
257021,"Ingenhousz, Jan","Ingenhousz, Jan (1730-1799)",1730-1799,Man
58947,"Thompson, Richard","Thompson, Richard",-,Man
56365,"Oliver, Thomas","Oliver, Thomas (1734-1815)",1734-1815,Man
52623,"Gordon, William","Gordon, William (1728-1807)",1728-1807,Man
54416,"Lanphier, Going","Lanphier, Going (1727-1813)",1727-1813,Man
249850,"Eden, Thomas","Eden, Thomas",-,Man
55726,"Milnor, William","Milnor, William (1737-1807)",1737-1807,Man
54582,"Lee, Richard Henry","Lee, Richard Henry (1732-1794)",1732-1794,Man
53081,"Hare, Robert","Hare, Robert (1752-1812)",1752-1812,Man
RN-ORG-0044,,,,
348405,"Elliott, Grey","Elliott, Grey",-1787,Man
49213,"Black, William","Black, William (1720-1782)",1720-1782,Man
RN-ORG-0272,,,,
56927,"Pollock, Thomas","Pollock, Thomas",-,Man
59188,"Tunstall, Richard","Tunstall, Richard (b. 1700)",1700-,Man
60200,"Woelpper, John David","Woelpper, John David (1709-1797)",1709-1797,Man
50694,"Condorcet, Marie-Jean-Antoine-Nicolas de Caritat, marquis de","Condorcet, Marie-Jean-Antoine-Nicolas de Caritat, marquis de (1743-1794)",1743-1794,Man
347730,"Caffiéri, Mr., l'ainé","Caffiéri, Mr., l'ainé",-,Man
51762,"Ellis, John","Ellis, John (1754-1826)",1754-1826,Man
53486,"Hog, Peter","Hog, Peter (1703-1782)",1703-1782,Man
59593,"Warren, James","Warren, James (1726-1808)",1726-1808,Man
350122,"Paddack, Seth","Paddack, Seth",1741-,Man
55262,"Mason, George","Mason, George (1725-1792)",1725-1792,Man
50911,"Crawford, Valentine","Crawford, Valentine (1734-1777)",1734-1777,Man
59274,"Van Braam, Jacob","Van Braam, Jacob (1725-1784)",1725-1784,Man
50885,"Cranch, Mary Smith","Cranch, Mary Smith (1741-1811)",1741-1811,Woman
55450,"McDougall, Alexander","McDougall, Alexander (1732-1786)",1732-1786,Man
48661,"Aylett, John","Aylett, John (1748-1777)",1748-1777,Man
246153,"Colden, Richard Nicolls","Colden, Richard Nicolls (d. 1777)",-1777,Man
348985,"Henckell, Elizabeth","Henckell, Elizabeth",-1787,Woman
55444,"McDonald, Angus","McDonald, Angus (1727-1778)",1727-1778,Man
346172,"Cottrell, Stephen","Cottrell, Stephen (1738-1818)",1738-1818,Man
268090,"Ramsay, Elizabeth","Ramsay, Elizabeth (wife of Patrick Ramsay)",-,Woman
60323,"Wythe, George","Wythe, George (1726-1806)",1726-1806,Man
278044,"Walpole, Thomas","Walpole, Thomas",-,Man
56082,"Muse, George","Muse, George (1720-1790)",1720-1790,Man
RN-PER-0365,,,,
54853,"Livingston, William","Livingston, William (1723-1790)",1723-1790,Man
58301,Snickers,"Snickers (Sniggers), Edward (1735-1791)",1735-1791,Man
60089,"Willis, Francis","Willis, Francis (1718-1782)",1718-1782,Man
300908,"Smith, Elizabeth","Smith, Elizabeth (1724-1772)",1724-1772,Woman
56619,"Peabody, Elizabeth Smith Shaw","Peabody, Elizabeth Smith Shaw (1750-1815)",1750-1815,Woman
273556,"Tucker, Josiah","Tucker, Josiah (1713-1799, Dean of Gloucester)",1713-1799,Man
306908,"Page, John","Page, John (1760-1838, husband of Maria Horsmanden Byrd)",1760-1838,Man
54733,"Lewis, Thomas","Lewis, Thomas (1718-1790)",1718-1790,Man
58587,"Stoddert, Benjamin","Stoddert, Benjamin (1751-1813)",1751-1813,Man
347171,"Antill, John","Antill, John",1745-1813,Man
54081,"Jones, Emmanuel, Jr.","Jones, Emmanuel, Jr.",-,Man
49539,"Brent, Robert, Sr.","Brent, Robert, Sr. (1730-1780)",1730-1780,Man
RN-BUS-0080,,,,
58873,"Temple, John","Temple, John (1731-1798)",1731-1798,Man
60040,"Williams, David","Williams, David (1738-1816)",1738-1816,Man
57367,"Riddell, Henry","Riddell, Henry",-,Man
52023,"Finney, David","Finney, David (1726-1806)",1726-1806,Man
57054,"Preston, William","Preston, William (1729-1783)",1729-1783,Man
49230,"Blair, John","Blair, John (1732-1800)",1732-1800,Man
51411,"Dilly, Edward","Dilly, Edward (1732-1779)",1732-1779,Man
RN-PER-0836,,,,
54677,"Lewis, Andrew, Jr.","Lewis, Andrew, Jr. (1759-1844)",1759-1844,Man
50373,"Chew, Joseph","Chew, Joseph (1725-1798, of New London, Conn.)",1725-1798,Man
60221,"Woodfall, William","Woodfall, William (1746-1803)",1746-1803,Man
53697,"Hughes, William","Hughes, William (b. 1728)",1728-,Man
RN-ORG-0153,,,,
55467,"McGachen, William","McGachen, William (d. 1782)",-1782,Man
RN-ORG-0152,,,,
55612,"Mercer, Hugh","Mercer, Hugh (1726-1777)",1726-1777,Man
RN-PER-0319,,,,
51410,"Dilly, Charles","Dilly, Charles (1739-1807)",1739-1807,Man
RN-PER-0783,,,,
304231,"Hubbart, Tuthill","Hubbart, Tuthill (insurer)",-,Man
251103,"Fowler, George","Fowler, George",-,Man
50892,"Crane, James","Crane, James",-,Man
56457,"Paine, Robert Treat","Paine, Robert Treat (b. 1731)",1731-1814,Man
56211,"Nicholas, Robert Carter","Nicholas, Robert Carter (1729-1780)",1729-1780,Man
249022,"Despencer, Francis Dashwood, baron le","Despencer, Francis Dashwood, baron le (1708-1781)",1708-1781,Man
351102,"Whatley, George","Whatley, George",1709-1791,Man
267148,"Pownall, John","Pownall, John (England)",1720-1795,Man
49751,"Buchan, David Steuart Erskine, 11th earl of","Buchan, David Steuart Erskine, 11th earl of (1742-1829)",1742-1829,Man
273423,"Thayer, Ebenezer","Thayer, Ebenezer (1734-1792)",1734-1792,Man
275928,"Wedderburn, Alexander, 1st Earl of Rosslyn, 1st Baron Loughborough","Wedderburn, Alexander, 1st Earl of Rosslyn, 1st Baron Loughborough (1733-1805)",1733-1805,Man
259394,"Lee, Philip Richard Francis","Lee, Philip Richard Francis (d. 1834)",-1834,Man
58447,"St. Clair, Arthur","St. Clair, Arthur (1737-1818)",1737-1818,Man
256757,"Hook, John","Hook, John",-,Man
57168,"Ramsay, William","Ramsay, William (1716-1785)",1716-1785,Man
RN-PER-0129,,,,
RN-PER-0807,,,,
RN-ORG-0201,,,,
RN-ORG-0093,,,,
56239,Nicolson,"Nicolson (Nicholson), Mary (1739-1775, sister of Thomas)",1739-1775,Woman
RN-ORG-0360,,,,
52314,"Gadsden, Christopher","Gadsden, Christopher (1724-1805)",1724-1805,Man
RN-ORG-0027,,,,
RN-ORG-0180,,,,
348856,"Gros, Mr.","Gros, Mr.",-,Man
60054,"Williams, Jonathan","Williams, Jonathan (c. 1754-1780)",1754-1780,Man
59172,"Tudor, William, Sr.","Tudor, William, Sr. (1750-1819)",1750-1819,Man
RN-PER-0583,,,,
53958,"Jay, Sarah Van Brugh Livingston","Jay, Sarah Van Brugh Livingston (1756-1802)",1756-1802,Woman
56507,"Parker, James","Parker, James (1729-1815, loyalist merchant)",1729-1815,Man
59652,"Washington, John Augustine","Washington, John Augustine (1736-1787)",1736-1787,Man
265455,"Palmer, Elizabeth Hunt","Palmer, Elizabeth Hunt (1755-1838, wife of Joseph Pearce Palmer)",1755-1838,Woman
244811,"Cornwallis, Frederick","Cornwallis, Frederick (1713-1783, Archbishop of Canterbury)",1713-1783,Man
53404,"Hill, Edward","Hill, Edward (1755-1775)",1755-1775,Man
269819,"Scott, John Morin","Scott, John Morin (1730-1784)",1730-1784,Man
258914,"Laurens, James","Laurens, James (d. 1784, brother of Henry)",-1784,Man
59168,"Tudor, John","Tudor, John (1709-1795)",1709-1795,Man
310089,"Walker, John","Walker, John (1732-1807)",1732-1807,Man
RN-GRP-0012,,,,
347748,"Campi, Carlo Giuseppe","Campi, Carlo Giuseppe",-,Man
RN-ORG-0197,,,,
351161,"Wolrich, Thomas","Wolrich, Thomas",-1791,Man
348579,"Foulger, Thomas","Foulger, Thomas",-,Man
128987,"Potts, Thomas","Potts, Thomas (1735-1785)",1735-1785,Man
263568,"Magellan, John Hyacinth de","Magellan, John Hyacinth de (1722-1790, João Jacinto de Magalhães)",1722-1790,Man
55833,"Moody, John","Moody, John (1746-1826)",1746-1826,Man
59149,"Trumbull, John","Trumbull, John (1756-1843)",1756-1843,Man
238926,"Allamand, Jean Nicolas Sébastien","Allamand, Jean Nicolas Sébastien (1713-1787, professor at Leyden)",1713-1787,Man
347452,"Bicker, Lambertus","Bicker, Lambertus",1732-1801,Man
53260,"Hazard, Ebenezer","Hazard, Ebenezer (1744-1817)",1744-1817,Man
53355,"Herbert, William","Herbert, William (1743-1818)",1743-1818,Man
RN-ORG-0061,,,,
55503,"McKenzie, Robert","McKenzie, Robert",-,Man
50887,"Cranch, Richard","Cranch, Richard (1726-1811)",1726-1811,Man
57139,"Quincy, Josiah Jr.","Quincy, Josiah Jr. (1744-1775)",1744-1775,Man
58145,"Smith, Abigail","Smith, Abigail (Nabby) Amelia Adams (1765-1813)",1765-1813,Woman
260255,"Le Mercier de La Rivière, Paul Pierre","Le Mercier de La Rivière, Paul Pierre (1719-1801)",1719-1801,Man
54220,"Kent, Benjamin","Kent, Benjamin (1708-1788)",1708-1788,Man
58731,"Swift, Samuel","Swift, Samuel (1715-1775)",1715-1775,Man
RN-ORG-0006,,,,
52315,"Gage, Thomas","Gage, Thomas (1720-1787)",1720-1787,Man
301121,"Moore, Charles","Moore, Charles (1724-1801)",1724-1801,Man
RN-ORG-0344,,,,
53121,"Harrison, Benjamin, V","Harrison, Benjamin, V (1726-1791)",1726-1791,Man
49246,"Bland, Richard","Bland, Richard (1710-1776)",1710-1776,Man
49824,"Burke, Edmund","Burke, Edmund (1729-1797)",1729-1797,Man
349538,"Life, Thomas","Life, Thomas",-,Man
275974,"Wentworth, Paul","Wentworth, Paul (British agent)",-1793,Man
58959,"Thomson, Charles","Thomson, Charles (1729-1824)",1729-1824,Man
350230,"Phipps, J. Warner","Phipps, J. Warner",-,Man
48376,"Alexander, William, Lord Stirling","Alexander, William, Lord Stirling (1726-1783)",1726-1783,Man
238955,"Almon, John","Almon, John (1737-1805, London publisher)",1737-1805,Man
54842,"Livingston, Philip","Livingston, Philip (1716-1778)",1716-1778,Man
54952,"Low, Isaac","Low, Isaac (1731-1791)",1731-1791,Man
48442,"Alsop, John","Alsop, John (1724-1794)",1724-1794,Man
51535,"Duane, James","Duane, James (1733-1797)",1733-1797,Man
RN-GRP-0017,,,,
RN-PER-0369,,,,
RN-ORG-0094,,,,
51067,"Dade, Townshend","Dade, Townshend (1742-1822)",1742-1822,Man
55797,Montague,"Montague (Montagu), Edward (c.1720-1798)",1720-1798,Man
349503,"Lelyveld, Frans van","Lelyveld, Frans van",-,Man
301469,"Finlay, Hugh","Finlay, Hugh (postmaster)",1730-1801,Man
50186,"Cary, Archibald","Cary, Archibald (1721-1787)",1721-1787,Man
49155,"Biddle, Edward","Biddle, Edward (1738-1779)",1738-1779,Man
347111,"Agujari, Lucrezia","Agujari, Lucrezia (1743-1783)",1743-1783,Woman
52059,"Fitzgerald, John","Fitzgerald, John (1700-1798)",1700-1798,Man
262495,"Morton (Moreton), Andrew","Morton (Moreton), Andrew",-,Man
55774,"Molleson, William","Molleson, William",-,Man
RN-PER-0499,,,,
RN-ORG-0284,,,,
350024,"Neate, William","Neate, William",-1775,Man
RN-PER-0038,,,,
52730,"Grayson, William","Grayson, William (d. 1790)",1740-1790,Man
49820,"Burgh, James","Burgh, James (1714-1775)",1714-1775,Man
53652,"Howe, Richard, 1st Earl Howe","Howe, Richard, 1st Earl Howe (1726-1799)",1726-1799,Man
309193,"Stewart, James","Stewart, James (runaway servant; 1739] (b. 1714)",1714-,Man
248310,"Dodge, William","Dodge, William",-,Man
56822,"Pickering, Timothy","Pickering, Timothy (1745-1829)",1745-1829,Man
54849,"Livingston, Robert R.","Livingston, Robert R. (1718-1775)",1718-1775,Man
338125,"Huger, Elizabeth Chalmers","Huger, Elizabeth Chalmers",-,Woman
256086,"Howe, Caroline","Howe, Caroline",1721-1814,Woman
347167,"Ansell, William","Ansell, William",-,Man
50531,"Cleveland, James","Cleveland, James",-,Man
RN-ORG-0095,,,,
RN-ORG-0411,,,,
49613,"Bronaugh, William","Bronaugh, William (1730-1800)",1730-1800,Man
350742,"Stanhope, Philip, 2nd Earl","Stanhope, Philip, 2nd Earl (1714-1786)",1714-1786,Man
RN-GRP-0002,,,,
RN-PER-0463,,,,
348391,"Edwards, Charles","Edwards, Charles",-,Man
RN-ORG-0285,,,,
50926,"Cresap, Thomas","Cresap, Thomas (1694-1790)",1694-1790,Man
52592,"Gooding, Jacob","Gooding, Jacob (d. 1791)",-1791,Man
57830,"Scott, James, Jr.","Scott, James, Jr. (1742-1779)",1742-1779,Man
RN-PER-0189,,,,
53099,"Harper, John","Harper, John (1736-1803)",1736-1803,Man
349190,"Kent, John","Kent, John (writer)",-,Man
53156,"Hartley, David","Hartley, David (1732-1813)",1732-1813,Man
48662,"Aylett, William","Aylett, William (1743-1780)",1743-1780,Man
50128,"Carroll, Charles","Carroll, Charles (1723-1783)",1723-1783,Man
56459,"Paine, Thomas","Paine, Thomas (1737-1809)",1737-1809,Man
300377,"Robeson, Andrew","Robeson, Andrew (1752-1781)",1752-1781,Man
56872,"Pitt, John, 2nd Earl of Chatham","Pitt, John, 2nd Earl of Chatham (1756-1835)",1756-1835,Man
58526,"Stevens, William","Stevens, William (1750-1801)",1750-1801,Man
53975,"Jenifer, Daniel","Jenifer, Daniel (1756-1809)",1756-1809,Man
RN-PER-0387,,,,
53536,"Home, Henry, Lord Kames","Home, Henry, Lord Kames (1696-1782)",1696-1782,Man
55285,"Mason, Thomson","Mason, Thomson (1759-1820)",1759-1820,Man
347431,"Bessborough, William Ponsonby, 2nd Earl of","Bessborough, William Ponsonby, 2nd Earl of",1704-1793,Man
RN-ORG-0405,,,,
277286,"Waite, John","Waite, John (1732-1820, sheriff)",1732-1820,Man
56675,"Pemberton, James","Pemberton, James (1723-1809)",1723-1809,Man
258760,"Kinsey, James","Kinsey, James (1731-1803)",1731-1803,Man
55382,"McCabe, Henry","McCabe, Henry (d. 1780)",-1780,Man
270799,"Smith, Alexander Hamilton","Smith, Alexander Hamilton (1748-1784)",1748-1784,Man
52365,"Gannett, Caleb","Gannett, Caleb (1745-1818)",1745-1818,Man
54597,"Lee, William","Lee, William (1750-1828, Billy, Mulatto Will, Will; slave)",1750-1828,Man
59597,"Warren, Joseph","Warren, Joseph (1741-1775)",1741-1775,Man
271175,"Stephens, Dennis","Stephens, Dennis",-,Man
51399,"Digges, George","Digges, George (1743-1792)",1743-1792,Man
50711,"Contee, Thomas","Contee, Thomas (1729-1811)",1729-1811,Man
51372,"Dickinson, John","Dickinson, John (1732-1808)",1732-1808,Man
55462,"McDowell, Samuel, Sr.","McDowell, Samuel, Sr. (1735-1817)",1735-1817,Man
RN-ORG-0009,,,,
348086,"Dalrymple, Alexander","Dalrymple, Alexander",1737-1808,Man
277478,"Wharton, Samuel","Wharton, Samuel (1732-1800)",1732-1800,Man
RN-ORG-0203,,,,
RN-ORG-0195,,,,
RN-ORG-0015,,,,
RN-ORG-0401,,,,
RN-ORG-0410,,,,
RN-ORG-0302,,,,
54741,"Lewis, Warner","Lewis, Warner (1720-1779)",1720-1779,Man
58371,"Spotswood, Alexander","Spotswood, Alexander (1751-1818)",1751-1818,Man
350626,"Seidel, Nathaniel","Seidel, Nathaniel",1718-1782,Man
RN-ORG-0253,,,,
53342,"Henry, Patrick","Henry, Patrick (1736-1799)",1736-1799,Man
56455,"Paine, Eunice","Paine, Eunice (1733-1803)",1733-1803,Woman
RN-ORG-0138,,,,
RN-ORG-0102,,,,
RN-GRP-0014,,,,
265108,"Oliver, Richard","Oliver, Richard (c. 1735-1784)",1735-1784,Man
RN-PER-0586,,,,
348625,"Friis, John Jacob","Friis, John Jacob",1708-1793,Man
253449,George II of Great Britain and Ireland,George II of Great Britain and Ireland (1683-1760),1683-1760,Man
RN-ORG-0282,,,,
RN-ORG-0298,,,,
58181,"Smith, Isaac, Sr.","Smith, Isaac, Sr. (1719-1787, uncle of AA)",1719-1787,Man
59166,"Tucker, St. George","Tucker, St. George (1752-1827)",1752-1827,Man
52504,"Gill, Moses","Gill, Moses (1734-1800)",1734-1800,Man
52448,"Gerry, Elbridge","Gerry, Elbridge (1744-1814)",1744-1814,Man
53030,"Hancock, John","Hancock, John (1737-1793)",1737-1793,Man
RN-ORG-0231,,,,
RN-ORG-0183,,,,
59380,"Vaughan, Samuel","Vaughan, Samuel (1720-1802)",1720-1802,Man
RN-ORG-0205,,,,
249785,"Eppes, Francis","Eppes, Francis (1747-1808)",1747-1808,Man
RN-PER-0099,,,,
271560,"Sargent, John","Sargent, John",-,Man
58901,"Thaxter, John, Jr.","Thaxter, John, Jr. (1755-1792)",1755-1792,Man
RN-ORG-0132,,,,
RN-ORG-0039,,,,
55919,"Morris, Gouverneur","Morris, Gouverneur (1752-1816)",1752-1816,Man
59567,"Ward, Henry","Ward, Henry (1732-1797)",1732-1797,Man
RN-ORG-0014,,,,
59177,"Tufts, Cotton","Tufts, Cotton (1732-1815)",1731-1815,Man
RN-ORG-0145,,,,
RN-ORG-0267,,,,
50543,"Clinton, George","Clinton, George (1739-1812)",1739-1812,Man
253097,"Gilmer, George","Gilmer, George (1743-1795)",1743-1795,Man
51968,"Fenton, John","Fenton, John (d. 1785)",-1785,Man
RN-ORG-0181,,,,
56059,"Murray, Daniel","Murray, Daniel (1751-1832)",1751-1832,Man
RN-ORG-0260,,,,
53483,"Hogg, Thomas","Hogg, Thomas (1722-1784)",1722-1784,Man
48647,"Austin, Jonathan Williams","Austin, Jonathan Williams (1751-1779)",1751-1779,Man
57798,"Scammell, Alexander","Scammell, Alexander (1747-1781)",1747-1781,Man
58919,"Thomas, John, Sr.","Thomas, John, Sr. (1724–1776)",1724-1776,Man
50733,"Cooke, Nicholas","Cooke, Nicholas (1717-1782)",1717-1782,Man
59151,"Trumbull, Jonathan, Sr.","Trumbull, Jonathan, Sr. (1710-1785)",1710-1785,Man
57335,"Rice, Nathan","Rice, Nathan (1754-1834)",1754-1834,Man
59833,"Wentworth, Hunking","Wentworth, Hunking (1697-1784)",1697-1784,Man
52757,"Greene, William","Greene, William (1731-1809)",1731-1809,Man
53288,"Heath, William","Heath, William (1737-1814)",1737-1814,Man
56279,"North, Frederick","North, Frederick (1732-1792, Lord North; Second Earl of Guilford)",1732-1792,Man
51206,"Davis, Joshua","Davis, Joshua",-,Man
51442,"Dodge, Richard","Dodge, Richard (1738-1802)",1738-1802,Man
50334,"Chase, Samuel","Chase, Samuel (1741-1811)",1741-1811,Man
57584,"Ross, George","Ross, George (1752-1832)",1752-1832,Man
60121,"Wilson, James","Wilson, James (1742-1798)",1742-1798,Man
53717,"Humphreys, Charles","Humphreys, Charles (1714-1786)",1714-1786,Man
RN-GRP-0004,,,,
50006,"Campbell, Donald","Campbell, Donald (colonel)",-,Man
240257,"Baldwin, Loammi","Baldwin, Loammi (1744-1807)",1744-1807,Man
51121,"Danielson, Timothy","Danielson, Timothy (1733-1791)",1733-1791,Man
RN-ORG-0299,,,,
RN-ORG-0261,,,,
RN-ORG-0182,,,,
60347,"Young, Thomas","Young, Thomas (1732-1777)",1732-1777,Man
58686,"Sullivan, John","Sullivan, John (1740-1795)",1740-1795,Man
RN-PER-0827,,,,
RN-ORG-0099,,,,
55932,"Morris, Lewis","Morris, Lewis (1726-1798)",1726-1798,Man
RN-ORG-0193,,,,
59116,"Trent, William","Trent, William (1715-1787)",1715-1787,Man
51551,"Duché, Jacob","Duché, Jacob (1737-1798)",1737-1798,Man
56409,"Otis, James, Sr.","Otis, James, Sr. (1702-1778)",1702-1778,Man
48783,"Bancroft, Edward","Bancroft, Edward (1744-1821)",1744-1821,Man
128628,"Gale, Benjamin","Gale, Benjamin (1715-1790)",1715-1790,Man
RN-ORG-0214,,,,
52557,"Goddard, John","Goddard, John (d. 1816)",1730-1816,Man
RN-ORG-0229,,,,
259605,"Livingston, Peter Van Brugh","Livingston, Peter Van Brugh (b. 1753)",1753-,Man
RN-ORG-0172,,,,
RN-ORG-0314,,,,
59562,"Ward, Artemas","Ward, Artemas (1727-1800)",1727-1800,Man
59569,"Ward, Jonathan","Ward, Jonathan",-,Man
243796,"Bromfield, Thomas","Bromfield, Thomas",-,Man
349051,"Howard, Martin, Jr.","Howard, Martin, Jr.",-1781,
275083,"Tucker, Henry, Sr.","Tucker, Henry, Sr. (1713-1787)",1713-1787,Man
49678,"Brown, John","Brown, John (1744-1780)",1744-1780,Man
248195,"Desambrager, ——","Desambrager, —— (lieutenant)",-,Man
52269,"French, Christopher","French, Christopher",-,Man
256299,"Hamilton, Andrew","Hamilton, Andrew (1697-1790, Va.)",1697-1790,Man
RN-ORG-0257,,,,
52761,"Green, Hannah Storer","Green, Hannah Storer (1739-1811)",1739-1811,Woman
48673,"Babcock, James","Babcock, James (1734-1781)",1734-1781,Man
53655,"Howe, William, 5th Viscount Howe","Howe, William, 5th Viscount Howe (1729-1814)",1729-1814,Man
56498,"Parke, John","Parke, John (1754-1789)",1754-1789,Man
268104,"Randall, John","Randall, John (1752-1826)",1752-1826,Man
54539,"Lee, Charles","Lee, Charles (1758-1815)",1758-1815,Man
RN-ORG-0156,,,,
52292,"Frye, Joseph","Frye, Joseph (1712-1794)",1712-1794,Man
266445,"Prescott, James","Prescott, James",-,Man
57040,"Prescott, William","Prescott, William (1726-1795)",1726-1795,Man
276774,"White, Anthony","White, Anthony (1717-1787)",1717-1787,Man
57197,"Randolph, John","Randolph, John (1727-1784)",1727-1784,Man
301290,"Deane, Silas, Jr.","Deane, Silas, Jr.",-,Man
57735,"Saltonstall, Gurdon","Saltonstall, Gurdon (1708-1785)",1708-1785,Man
55950,"Morris, Robert","Morris, Robert (1734-1806)",1735-1806,Man
RN-ORG-0013,,,,
60260,"Wooster, David","Wooster, David (1711-1777)",1711-1777,Man
RN-PER-0158,,,,
57188,"Randolph, Edmund Jenings","Randolph, Edmund Jenings (1753-1813)",1753-1813,Man
59360,"Varnum, James Mitchell","Varnum, James Mitchell (1748-1789)",1748-1789,Man
RN-ORG-0038,,,,
48491,"Angel, Abiathar","Angel, Abiathar (1746-1830)",1746-1830,Man
49642,"Broughton, Nicholson","Broughton, Nicholson (1724-1798)",1724-1798,Man
59096,"Tracy, Nathaniel","Tracy, Nathaniel (1751-1796)",1751-1796,Man
50618,"Colburn, Reuben","Colburn, Reuben (1740-1818)",1740-1818,Man
50355,Cheney,"Cheney (Cheeney), Penuel (1748-1833)",1748-1833,Man
RN-GRP-0007,,,,
56735,"Perry, David","Perry, David (1741-1826)",1741-1826,Man
59152,"Trumbull, Joseph","Trumbull, Joseph (1737-1778)",1737-1778,Man
49395,"Bowen, Levi","Bowen, Levi (1742-1788)",1742-1788,Man
RN-ORG-0150,,,,
56788,"Phelps, Elisha","Phelps, Elisha (1737-1776)",1737-1776,Man
RN-ORG-0202,,,,
55506,"McKesson, John","McKesson, John (1735-1798)",1735-1798,Man
52753,"Greene, Nathanael","Greene, Nathanael (1742-1786)",1742-1786,Man
52174,"Foster, Gideon","Foster, Gideon (1749-1845)",1749-1845,Man
54598,"Lee, William Raymond","Lee, William Raymond (1745-1824)",1745-1824,Man
56000,"Morton, Perez","Morton, Perez (1750-1837)",1750-1837,Man
59511,"Walker, Thomas","Walker, Thomas (1715-1794)",1715-1794,Man
58470,"Stephen, Adam","Stephen, Adam (1718-1791)",1718-1791,Man
48579,"Arnold, Benedict","Arnold, Benedict (1741-1801)",1741-1801,Man
48718,"Baker, John","Baker, John (1721-1785)",1721-1785,Man
RN-GRP-0008,,,,
50666,"Collins, John","Collins, John (1717-1795)",1717-1795,Man
302312,"Rapalje, Stephen","Rapalje, Stephen",-,Man
51863,"Everard, Thomas","Everard, Thomas (1719-1781)",1719-1781,Man
54410,"Langdon, Samuel","Langdon, Samuel (1723-1797)",1723-1797,Man
55366,"Maynard, Nathaniel","Maynard, Nathaniel (1744-1805)",1744-1805,Man
56650,"Pease, Simon","Pease, Simon (d. 1777)",-1777,Man
57929,"Seymour, Thomas","Seymour, Thomas (1735-1829, of Connecticut)",1735-1829,Man
259247,"Langdon, John","Langdon, John (1747-1793)",1747-1793,Man
RN-GRP-0009,,,,
RN-ORG-0098,,,,
49205,"Black, John","Black, John (1737-1797, of MA)",1737-1797,Man
57283,"Reed, Joseph","Reed, Joseph (1741-1785)",1741-1785,Man
RN-ORG-0160,,,,
58358,"Spencer, Joseph","Spencer, Joseph (1714-1789)",1714-1789,Man
49195,"Blackburn, Christian Scott","Blackburn, Christian Scott (1745-1815)",1745-1815,Woman
RN-ORG-0097,,,,
58333,"Southworth, Jedediah","Southworth, Jedediah (1745-1809)",1745-1809,Man
245627,"Cowley, William","Cowley, William",-,Man
52808,"Gridley, Richard","Gridley, Richard (1710-1796)",1710-1796,Man
59609,"Washington, Anne Steptoe Allerton","Washington, Anne Steptoe Allerton (1739-1777)",1739-1777,Woman
RN-ORG-0228,,,,
57912,Sever,"Sever (Seaver), William (1729-1809)",1729-1809,Man
RN-ORG-0021,,,,
RN-ORG-0269,,,,
50416,"Church, Benjamin","Church, Benjamin (1734-1778)",1734-1778,Man
50536,"Clifton, Anna Maria","Clifton, Anna Maria (1740-1811)",1740-1811,Woman
260488,"Laight, William","Laight, William",-,Man
299809,"Glover, John","Glover, John (1729-1807)",1729-1807,Man
56028,"Moylan, Stephen","Moylan, Stephen (1737-1811)",1737-1811,Man
55884,"Morgan, Daniel","Morgan, Daniel (1735-1802)",1735-1802,Man
53351,"Henshaw, William","Henshaw, William (1735-1820)",1735-1820,Man
52518,"Gilpin, George","Gilpin, George (1740-1813)",1740-1813,Man
55667,"Middleton, Arthur","Middleton, Arthur (1742-1787)",1742-1787,Man
RN-ORG-0408,,,,
58620,"Stoughton, Samuel, Jr.","Stoughton, Samuel, Jr. (1740-1814)",1740-1814,Man
55179,"March, John","March, John (1738-1809)",1738-1809,Man
50580,"Cochran, William","Cochran, William (1738-1779)",1738-1779,Man
59857,"West, Samuel","West, Samuel (1730-1807)",1730-1807,Man
50425,"Church, Thomas","Church, Thomas (1729-1797)",1729-1797,Man
251235,"Fulton, Sarah","Fulton, Sarah",-,Woman
245209,"Clarke, Alenar","Clarke, Alenar",-,Woman
241428,"Berry, Jannet","Berry, Jannet",-,Woman
254780,"Harvard, Hannah","Harvard, Hannah",-,Woman
60227,"Woodhull, Nathaniel","Woodhull, Nathaniel (1722-1776)",1722-1776,Man
49803,"Bundy, Peter","Bundy, Peter (1754-1822)",1754-1822,Man
59893,"Wheelock, Eleazar","Wheelock, Eleazar (1711-1779)",1711-1779,Man
53684,"Hughes, Hugh","Hughes, Hugh (1727-1802)",1727-1802,Man
49396,"Bowen, Ephraim, Jr.","Bowen, Ephraim, Jr. (1753-1841)",1753-1841,Man
57899,"Selman, John","Selman, John (1744-1817)",1744-1817,Man
52603,"Goodwin, Samuel","Goodwin, Samuel (1716-1802)",1716-1802,Man
48325,"Adams, Thomas Boylston, Sr.","Adams, Thomas Boylston, Sr. (1772-1832)",1772-1832,Man
52122,"Fogg, Reuben","Fogg, Reuben (1722-1797)",1722-1797,Man
RN-ORG-0142,,,,
59190,"Tupper, Benjamin","Tupper, Benjamin (1738-1792)",1738-1792,Man
56399,"Osgood, Samuel","Osgood, Samuel (1748-1813)",1748-1813,Man
59570,"Ward, Joseph","Ward, Joseph (1737-1812)",1737-1812,Man
RN-ORG-0092,,,,
52769,"Greenleaf, Joseph","Greenleaf, Joseph (d. 1814)",1748-1814,Man
56550,"Parsons, Samuel Holden","Parsons, Samuel Holden (1737-1789)",1737-1789,Man
58613,"Storrs, Experience","Storrs, Experience (1734-1801)",1734-1801,Woman
59758,"Webb, Charles","Webb, Charles (b. c. 1762)",1762-,Man
RN-ORG-0091,,,,
RN-ORG-0290,,,,
RN-ORG-0141,,,,
RN-GRP-0010,,,,
56407,"Otis, James","Otis, James (1755-1790)",1755-1790,Man
57647,"Rush, Julia Stockton","Rush, Julia Stockton (1759-1848)",1759-1848,Woman
54321,"Knox, Henry","Knox, Henry (1750-1806)",1750-1806,Man
265901,"Parker, David","Parker, David",-,Man
59886,"Wheatley, Phillis","Wheatley, Phillis (1753-1784)",1753-1784,Woman
53386,"Hichborn, Benjamin","Hichborn, Benjamin (1746-1817)",1746-1817,Man
53196,"Hastings, Eliphelet","Hastings, Eliphelet (1734-1824)",1734-1824,Man
57681,"Ruston, Thomas","Ruston, Thomas (1740-1804)",1740-1804,Man
59142,"Troup, Robert","Troup, Robert (1757-1832)",1757-1832,Man
52406,"Gates, Benjamin","Gates, Benjamin (1737-1797)",1737-1797,Man
53254,"Hayward, Lemuel","Hayward, Lemuel (1749-1821)",1749-1821,Man
58754,"Tailer, Gillam","Tailer, Gillam (b. 1754)",1754-,Man
241162,"Bartlett, William","Bartlett, William (1762-1799, shipmaster)",1762-1799,Man
52947,"Hall, Jeremiah","Hall, Jeremiah (1722-1807)",1722-1807,Man
55832,"Moody, Enoch","Moody, Enoch (1714-1777)",1714-1777,Man
56807,"Phinney, Edmund","Phinney, Edmund (1723-1808)",1723-1808,Man
53579,"Hopkins, Stephen","Hopkins, Stephen (1707-1785)",1707-1785,Man
53379,"Hewes, Joseph","Hewes, Joseph (1730-1779)",1730-1779,Man
RN-ORG-0016,,,,
RN-ORG-0339,,,,
252678,"Govett, William","Govett, William",1736-1817,Man
51804,"Enos, Roger","Enos, Roger (1729-1808, of Conn.)",1729-1808,Man
50860,"Craft, Benjamin","Craft, Benjamin (1738-1823)",1738-1823,Man
52555,"Glover, Jonathan","Glover, Jonathan",-,Man
60224,"Woodford, William, Jr.","Woodford, William, Jr. (1734-1780)",1734-1780,Man
55013,"Lynch, Thomas","Lynch, Thomas (1727-1776)",1727-1776,Man
58955,"Thompson, William","Thompson, William (b. 1732)",1732-,Man
RN-ORG-0139,,,,
RN-ORG-0169,,,,
52262,"Freeman, Samuel","Freeman, Samuel (1742-1831)",1742-1831,Man
RN-PER-0091,,,,
54941,"Lovell, James","Lovell, James (1737-1814)",1737-1814,Man
RN-PER-0283,,,,
260961,"Lynch, Charles","Lynch, Charles (manager of lead mines)",-,Man
50390,"Child, Moses","Child, Moses (1731-1793)",1731-1793,Man
57734,"Saltonstall, Dudley","Saltonstall, Dudley (1738-1796)",1738-1796,Man
RN-PER-0476,,,,
240393,Baylor,"Baylor (Bailer), George (1752-1784)",1752-1784,Man
54518,"Learned, Ebenezer","Learned, Ebenezer (1728-1801)",1728-1801,Man
57477,"Robinson, Lemuel","Robinson, Lemuel (1736-1776)",1736-1776,Man
RN-ORG-0004,,,,
51381,"Dickinson, John","Dickinson, John (1731-1799, of Augusta County)",1731-1799,Man
308862,"Pleasants, Israel Pemberton","Pleasants, Israel Pemberton",-,Man
265658,"Pitts, John","Pitts, John (1737-1815)",1737-1815,Man
57112,"Putnam, Israel","Putnam, Israel (1718-1790)",1718-1790,Man
RN-ORG-0286,,,,
RN-ORG-0208,,,,
56465,"Palfrey, William","Palfrey, William (1741-1780)",1741-1780,Man
58710,"Swan, James","Swan, James (1754-1831)",1754-1831,Man
59595,"Warren, John","Warren, John (1753-1815)",1753-1815,Man
55474,"McHenry, James","McHenry, James (1753-1816)",1753-1816,Man
55510,"McKnight, Charles","McKnight, Charles (1750-1791)",1750-1791,Man
58368,"Spooner, Walter","Spooner, Walter (1720-1803)",1720-1803,Man
RN-PER-0535,,,,
244097,"Callbeck, Phillips","Callbeck, Phillips (1744-1790, keep)",1744-1790,Man
60299,"Wright, Thomas","Wright, Thomas (c. 1740-1812)",1740-1812,Man
284988,"Cheever, Ezekiel","Cheever, Ezekiel (1720-1793)",1720-1793,Man
56019,"Moultrie, William","Moultrie, William (1731-1805)",1731-1805,Man
RN-ORG-0057,,,,
RN-ORG-0280,,,,
347550,"Bourbon, Gabriel Antonio de","Bourbon, Gabriel Antonio de",1752-1788,Man
52260,"Freeman, Nathaniel","Freeman, Nathaniel (1741-1827)",1741-1827,Man
56410,"Otis, Joseph","Otis, Joseph (d. 1810)",-1810,Man
50863,"Crafts, Thomas, Jr.","Crafts, Thomas, Jr. (1740-1799)",1740-1799,Man
53761,"Huntington, Jedediah","Huntington, Jedediah (1743-1818)",1743-1818,Man
60313,"Wyllys, Samuel","Wyllys, Samuel (1738-1823)",1738-1823,Man
54241,"Keyes, Stephen","Keyes, Stephen (1753-1804)",1753-1804,Man
59456,"Wadsworth, Peleg","Wadsworth, Peleg (1748-1829)",1748-1829,Man
56691,"Penet, Pierre","Penet, Pierre",-1812,Man
56893,"Pliarne, Emmanuel de","Pliarne, Emmanuel de",-1777,Man
57359,"Richmond, Ebenezer","Richmond, Ebenezer (d. 1788)",-1788,Man
55022,"Lyon, James","Lyon, James (1735-1794)",1735-1794,Man
58425,"Stanhope, Henry Edwin","Stanhope, Henry Edwin (1754-1814)",1754-1814,Man
49161,"Biddle, Owen","Biddle, Owen (1737-1799)",1737-1799,Man
55377,"Mazzei, Philip","Mazzei, Philip (1730-1816)",1730-1816,Man
58982,"Thornton, Matthew","Thornton, Matthew (1714-1803)",1714-1803,Man
347517,"Bonvouloir et Loyauté, Julien-Alexandre Achard de","Bonvouloir et Loyauté, Julien-Alexandre Achard de",1749-1783,Man
348893,"Guines, Adrien-Louis de Bonnières de Sousastre, duc de","Guines, Adrien-Louis de Bonnières de Sousastre, duc de",1735-1806,Man
53578,"Hopkins, Samuel","Hopkins, Samuel (1721-1803)",1721-1803,Man
348737,"Gilpin, Israel","Gilpin, Israel",1740-1834,Man
300656,"Jones, Robert Strettel","Jones, Robert Strettel",1745-1792,Man
349524,"Lestarjette, Louis","Lestarjette, Louis",-,Man
54461,"Lauraguais, Louis Léon Félicité de Brancas, comte de","Lauraguais, Louis Léon Félicité de Brancas, comte de (1733-1824)",1733-1824,Man
54434,"La Rochefoucauld, Louis-Alexandre, duc de La Roche-Guyon et de","La Rochefoucauld, Louis-Alexandre, duc de La Roche-Guyon et de (1743-1792)",1743-1792,Man
271854,"Smith, John","Smith, John (captain of Vixen)",-,Man
RN-PER-0839,,,,
RN-ORG-0194,,,,
53959,"Jay, Sir James","Jay, Sir James (1732-1815, brother of John)",1732-1815,Man
59291,"Van Cortlandt, Pierre","Van Cortlandt, Pierre (1721-1814)",1721-1814,Man
54315,"Knight, John","Knight, John (c. 1747-1831)",1747-1831,Man
59835,"Wentworth, Joshua","Wentworth, Joshua (1742-1809)",1742-1809,Man
54465,"Laurens, Henry","Laurens, Henry (1724-1792)",1724-1792,Man
55200,"Marony, William","Marony, William",-,Man
55815,"Montgomery, Richard","Montgomery, Richard (1738-1775)",1738-1775,Man
53210,"Haven, Jason","Haven, Jason (1733-1803)",1733-1803,Man
RN-PER-0227,,,,
56523,"Parker, Stephen","Parker, Stephen (b. 1743)",1743-,Man
53892,"Jackson, Jonathan","Jackson, Jonathan (1743-1810)",1743-1810,Man
58604,"Stone, Thomas","Stone, Thomas (1743-1787)",1743-1787,Man
RN-ORG-0045,,,,
RN-ORG-0213,,,,
53676,"Huger, Isaac","Huger, Isaac (1743-1797)",1743-1797,Man
52429,"Gelston, Samuel","Gelston, Samuel (1727-1782)",1727-1782,Man
RN-PER-0305,,,,
248603,"Dyar, Charles","Dyar, Charles",-,Man
RN-PER-0037,,,,
RN-PER-0350,,,,
54142,"Judd, William","Judd, William (1743-1804)",1743-1804,Man
241827,"Breck, Robert","Breck, Robert",-,Man
48409,"Allen, Levi","Allen, Levi (1744-1801)",1744-1801,Man
270337,"de Santerre, Mr.","de Santerre, Mr.",-,Man
59906,"Whipple, William","Whipple, William (1730-1785)",1730-1785,Man
55149,"Manley, John","Manley, John (1733-1793, captain)",1733-1793,Man
RN-PER-0653,,,,
48913,"Bassett, Anna Maria Dandridge","Bassett, Anna Maria Dandridge (1739-1777)",1739-1777,Woman
49019,"Bedel, Timothy","Bedel, Timothy (1740-1787)",1740-1787,Man
250302,"Easton, James","Easton, James",1728-1796,Man
54323,"Knox, Lucy Flucker","Knox, Lucy Flucker (1756-1824)",1756-1824,Woman
56155,"Nelson, Thomas","Nelson, Thomas (1738-1789)",1738-1789,Man
264603,"Newland, Trevor","Newland, Trevor",-,Man
52697,"Graves, Matthew","Graves, Matthew (d. 1780)",-1780,Man
RN-PER-0155,,,,
RN-GRP-0011,,,,
56965,"Porter, Elisha","Porter, Elisha (1742-1796)",1742-1796,Man
59185,"Tunison, Garret","Tunison, Garret (1751-1837)",1751-1837,Man
54599,"Leffingwell, Christopher","Leffingwell, Christopher (1734-1810)",1734-1810,Man
57116,"Putnam, Rufus","Putnam, Rufus (1738-1824)",1738-1824,Man
RN-ORG-0101,,,,
56045,"Mumford, Thomas","Mumford, Thomas (1728-1799)",1728-1799,Man
55482,"McIntosh, Lachlan","McIntosh, Lachlan (1727-1806)",1727-1806,Man
262389,"Moreau, P.","Moreau, P.",-,Man
50165,"Carter, Landon","Carter, Landon (1757-1820)",1757-1820,Man
54021,"Johnson, Joseph","Johnson, Joseph (1752-1803)",1752-1803,Man
52571,"Goforth, William","Goforth, William (1731-1807)",1731-1807,Man
48956,"Bayley, Jacob","Bayley, Jacob (1726-1815)",1726-1815,Man
266409,"Poucher, Joseph","Poucher, Joseph",-,Man
RN-ORG-0310,,,,
RN-GRP-0015,,,,
49370,"Boudinot, Elisha","Boudinot, Elisha (1749-1819)",1749-1819,Man
57431,"Roberdeau, Daniel","Roberdeau, Daniel (1727-1795)",1727-1795,Man
51013,"Cushing, Job","Cushing, Job (1728-1808)",1728-1808,Man
56218,"Nichols, Nathaniel","Nichols, Nathaniel (1749-1835)",1749-1835,Man
57767,"Sargent, Winthrop","Sargent, Winthrop (1727-1793)",1727-1793,Man
59750,"Weare, Meshech","Weare, Meshech (1713-1786)",1713-1786,Man
RN-PER-0036,,,,
53954,"Jay, Frederick","Jay, Frederick (1747-1799)",1747-1799,Man
RN-ORG-0275,,,,
60199,"Woedtke, Frederick William, baron de","Woedtke, Frederick William, baron de (c. 1740-1776)",1740-1776,Man
55677,"Mifflin, Thomas","Mifflin, Thomas (1744-1800)",1744-1800,Man
RN-PER-0267,,,,
RN-ORG-0277,,,,
53552,"Hooper, William","Hooper, William (1742-1790)",1742-1790,Man
56697,"Penn, John","Penn, John (1740-1788)",1740-1788,Man
57144,"Quincy, Norton","Quincy, Norton (1716-1801)",1716-1801,Man
RN-PER-0023,,,,
RN-ORG-0239,,,,
59453,"Wadsworth, James","Wadsworth, James (1730-1817)",1730-1817,Man
60028,"Willett, Marinus","Willett, Marinus (1740-1830)",1740-1830,Man
57260,"Read, Joseph","Read, Joseph (1732-1801)",1732-1801,Man
301998,"Bailey, John, Jr.","Bailey, John, Jr. (1732-1806, N.Y.)",1732-1806,Man
254584,"Hancock, John","Hancock, John (1732-1805)",1732-1805,Man
54947,"Lowell, John","Lowell, John (1743-1802)",1743-1802,Man
48311,"Adams, Peter Boylston","Adams, Peter Boylston (1738-1823)",1738-1823,Man
57907,"Sergeant, Jonathan Dickinson","Sergeant, Jonathan Dickinson (1746-1793)",1746-1793,Man
55418,"McClurg, James","McClurg, James (1746-1823)",1746-1823,Man
55486,"McKay, Samuel","McKay, Samuel (1737-1779)",1737-1779,Man
53568,"Hopkins, Esek","Hopkins, Esek (1718-1802)",1718-1802,Man
RN-ORG-0113,,,,
54852,"Livingston, Walter","Livingston, Walter (1740-1797)",1740-1797,Man
49864,"Burr, Thaddeus","Burr, Thaddeus (1735-1801)",1735-1801,Man
52145,"Ford, Jacob, Jr.","Ford, Jacob, Jr. (1738-1777)",1738-1777,Man
56236,"Nicoll, Isaac","Nicoll, Isaac (1741-1804)",1741-1804,Man
48408,"Allen, Jonathan","Allen, Jonathan (d. 1780)",1737-1780,Man
240583,"Bond, William","Bond, William (1733-1776)",1733-1776,Man
59702,"Waterbury, David","Waterbury, David (1722-1801)",1722-1801,Man
51533,"Drummond, Thomas Lundin","Drummond, Thomas Lundin (1742-1780, Lord)",1742-1780,Man
59165,"Tucker, Samuel","Tucker, Samuel (1721-1789)",1721-1789,Man
RN-ORG-0087,,,,
53853,"Irvine, William","Irvine, William (1741-1804)",1741-1804,Man
49701,"Brown, Stephen","Brown, Stephen (d. 1777)",-1777,Man
55697,"Miller, Henry","Miller, Henry (1751-1824)",1751-1824,Man
254715,"Harris, Thomas R.","Harris, Thomas R. (prisoner)",-,Man
262137,"Metcalfe, William","Metcalfe, William",-,Man
49794,"Bulloch, Archibald","Bulloch, Archibald (1730-1777)",1730-1777,Man
58451,"Stearns, William","Stearns, William (1749-1783)",1749-1783,Man
57865,"Sears, Isaac","Sears, Isaac (1730-1786)",1730-1786,Man
60317,"Wynkoop, Cornelius D.","Wynkoop, Cornelius D. (1734-1792)",1734-1792,Man
54823,"Livingston, Henry Beekman","Livingston, Henry Beekman (1750-1831)",1750-1831,Man
RN-PER-0276,,,,
50263,"Chambers, James","Chambers, James (1744-1805)",1744-1805,Man
52843,"Grover, Thomas","Grover, Thomas",-,Man
48671,"Babcock, Adam","Babcock, Adam (1740-1817)",1740-1817,Man
49392,"Bowdoin, Preeson","Bowdoin, Preeson (of Norfolk, Va.)",-,Man
59334,"Van Rensselaer, Philip","Van Rensselaer, Philip (1747-1798)",1747-1798,Man
58684,"Sullivan, James","Sullivan, James (1744-1808)",1744-1808,Man
56408,"Otis, James, Jr.","Otis, James, Jr. (1725-1783)",1725-1783,Man
RN-PER-0124,,,,
58648,"Stringer, Samuel","Stringer, Samuel (1734-1817)",1734-1817,Man
50134,"Carroll, John","Carroll, John (1735-1815)",1735-1815,Man
RN-ORG-0121,,,,
50503,"Clayes, Peter","Clayes, Peter (1754-1834)",1754-1834,Man
RN-ORG-0167,,,,
RN-ORG-0136,,,,
RN-ORG-0140,,,,
59744,"Wayne, Anthony","Wayne, Anthony (1745-1796)",1745-1796,Man
60180,"Wisner, John","Wisner, John",-,Man
51351,"Devens, Richard","Devens, Richard (1721-1807)",1721-1807,Man
58674,"Sturges, Jonathan","Sturges, Jonathan (1740-1819)",1740-1819,Man
49692,"Brown, Nicholas","Brown, Nicholas (1729-1791)",1729-1791,Man
57234,"Rathbun, Valentine","Rathbun, Valentine (1724-1814)",1724-1814,Man
54578,"Lee, Richard","Lee, Richard (1723-1794, 1726-1795)",1723-1794,Man
RN-ORG-0414,,,,
51020,"Cushing, William","Cushing, William (1732-1810)",1732-1810,Man
59358,"Varick, Richard","Varick, Richard (1753-1831)",1753-1831,Man
RN-ORG-0271,,,,
RN-ORG-0158,,,,
49153,"Biddle, Charles","Biddle, Charles (1745-1821)",1745-1821,Man
260498,"Lamb, Catherine Jandine","Lamb, Catherine Jandine (1733-1807, Mrs. John Lamb)",1733-1807,Woman
269046,"Randolph, William","Randolph, William (TJ’s uncle)",-,Man
49175,"Bingham, William","Bingham, William (1752-1804)",1752-1804,Man
53137,"Harrison, Richard","Harrison, Richard (1750-1841)",1750-1841,Man
349453,"Le Maitre, Adrien","Le Maitre, Adrien",-,Man
RN-ORG-0056,,,,
57694,"Rutledge, Edward","Rutledge, Edward (1749-1800)",1749-1800,Man
258294,"Ketchum, Isaac","Ketchum, Isaac (1748-1835)",1748-1835,Man
48315,"Adams, Zabdiel","Adams, Zabdiel (1739-1801)",1739-1801,Man
349204,"Killcup, Lois","Killcup, Lois",1702-1790,Woman
267040,"Prichard, William","Prichard, William (1751-1815)",1751-1815,Man
RN-ORG-0075,,,,
57819,"Schuyler, Peter","Schuyler, Peter",-,Man
48497,"Angier, Oakes","Angier, Oakes (1745-1786)",1745-1786,Man
51093,"Dana, Francis","Dana, Francis (1743-1811)",1743-1811,Man
57915,"Sewall, David","Sewall, David (1735-1825)",1735-1825,Man
56238,Nicolson,"Nicolson (Nicholson), John (1740-1811)",1740-1811,Man
59780,"Webster, Pelatiah","Webster, Pelatiah (1726-1795)",1726-1795,Man
RN-ORG-0238,,,,
52175,"Foster, Isaac","Foster, Isaac (1740-1781)",1740-1781,Man
50545,"Clinton, James","Clinton, James (1733-1812)",1733-1812,Man
56480,"Palmer, Mary","Palmer, Mary (1746-1791)",1746-1791,Woman
278173,Weeks,"Weeks (Wickes), Lambert (1735-1777, captain)",1735-1777,Man
54026,"Johnson, Mary Watts","Johnson, Mary Watts (1753-1815)",1753-1815,Woman
245292,"Clymer, George","Clymer, George (1739-1813)",1739-1813,Man
91463,"Roorbach, Garret","Roorbach, Garret",-,Man
54590,"Lee, Thomas","Lee, Thomas (1758-1805)",1758-1805,Man
51398,"Digges, Dudley","Digges, Dudley (1718-1790)",1718-1790,Man
50125,"Carrington, Paul","Carrington, Paul (1733-1818)",1733-1818,Man
54094,"Jones, Joseph","Jones, Joseph (1727-1805)",1727-1805,Man
RN-ORG-0292,,,,
56939,"Pond, Charles","Pond, Charles (1744-1832)",1744-1832,Man
53033,"Hand, Edward","Hand, Edward (1744-1802)",1744-1802,Man
269914,"Sherman, Roger","Sherman, Roger (1721-1793)",1721-1793,Man
RN-ORG-0011,,,,
252673,"Gould, Benjamin","Gould, Benjamin",1751-1841,Man
RN-ORG-0278,,,,
49610,"Bromfield, Henry, Jr.","Bromfield, Henry, Jr. (1751-1837)",1751-1837,Man
49839,Burnet,"Burnet (Barnet), William (Dr., 1730-1791)",1730-1791,Man
52838,"Griswold, Matthew","Griswold, Matthew (1714-1799)",1714-1799,Man
54230,"Kermorvan, Giles Jean Marie Barazer de","Kermorvan, Giles Jean Marie Barazer de (1740-1817)",1740-1817,Man
248070,"Davison, Joseph","Davison, Joseph",-,Man
254887,"Heath, William","Heath, William (b. 1737, Virginia regiment)",1737-,Man
RN-ORG-0010,,,,
RN-ORG-0223,,,,
59021,"Tillinghast, Daniel","Tillinghast, Daniel (1732-1806)",1732-1806,Man
RN-ORG-0315,,,,
RN-ORG-0135,,,,
RN-ORG-0146,,,,
55157,"Manning, Ephraim","Manning, Ephraim",-,Man
RN-PER-0691,,,,
RN-ORG-0206,,,,
58055,"Silliman, Gold Selleck","Silliman, Gold Selleck (1732-1790)",1732-1790,Man
55275,"Mason, Jonathan, Sr.","Mason, Jonathan, Sr. (1725-1798)",1725-1798,Man
RN-GRP-0003,,,,
51299,"Delap, Samuel","Delap, Samuel (Bordeaux merchant)",-,Man
138357,"Delap, John Hans","Delap, John Hans (Jean-Hans; Bordeaux merchant)",-,Man
56516,"Parker, Peter","Parker, Peter (1721-1811)",1721-1811,Man
RN-ORG-0371,,,,
RN-ORG-0125,,,,
49090,"Benson, Egbert","Benson, Egbert (1746-1833)",1746-1833,Man
51317,"Dennis, Patrick","Dennis, Patrick (died c.1798)",-1798,Man
RN-ORG-0279,,,,
RN-ORG-0251,,,,
RN-ORG-0335,,,,
57410,"Ritzema, Rudolphus","Ritzema, Rudolphus (1739-1803)",1739-1803,Man
48802,"Barber, Nathaniel, Jr.","Barber, Nathaniel, Jr. (1728-1787)",1728-1787,Man
49821,"Burgoyne, John","Burgoyne, John (1722-1792)",1722-1792,Man
RN-ORG-0249,,,,
RN-ORG-0143,,,,
51954,"Fellows, John","Fellows, John (1735-1808)",1735-1808,Man
RN-ORG-0398,,,,
49814,"Burd, James","Burd, James (1726-1793)",1726-1793,Man
54487,"Lawrence, John","Lawrence, John (1751-c. 1799)",1751-1799,Man
53227,"Hay, Ann Hawkes","Hay, Ann Hawkes (1745-1786)",1745-1786,Woman
RN-ORG-0200,,,,
58582,"Stockton, Richard","Stockton, Richard (1730-1781)",1730-1781,Man
49486,"Bradley, Philip Burr","Bradley, Philip Burr (1738-1821)",1738-1821,Man
56757,"Peters, Richard","Peters, Richard (1744-1828)",1744-1828,Man
51564,"Duer, William","Duer, William (1747-1799)",1747-1799,Man
53430,"Hitchcock, Daniel","Hitchcock, Daniel (1739-1777)",1739-1777,Man
241109,"Barnard, Benjamin","Barnard, Benjamin",-,Man
49951,"Calbiac, baron de","Calbiac, baron de",-,Man
RN-ORG-0369,,,,
48658,"Avery, John, Jr.","Avery, John, Jr. (1739-1806)",1739-1806,Man
RN-PER-0136,,,,
55586,"Meigs, Return Jonathan, Sr.","Meigs, Return Jonathan, Sr. (1734-1823)",1734-1823,Man
RN-ORG-0338,,,,
49470,"Bradford, John","Bradford, John (1723-1784)",1723-1784,Man
250829,"Fenton, Elizabeth","Fenton, Elizabeth",-,Woman
54115,"Jones, Walter","Jones, Walter (1745-1815)",1745-1815,Man
RN-ORG-0402,,,,
57962,"Shaw, Nathaniel, Jr.","Shaw, Nathaniel, Jr. (1735-1782)",1735-1782,Man
51777,"Elmore, Samuel","Elmore, Samuel (1720-1805)",1720-1805,Man
51335,"Derby, Richard, Jr.","Derby, Richard, Jr. (1712-1783)",1712-1783,Man
52765,"Greenleaf, Benjamin","Greenleaf, Benjamin (1732-1799)",1732-1799,Man
252822,"Greene, Ray","Greene, Ray (1765-1849)",1765-1849,Man
51800,"Ennery, Victor-Thérèse Charpentier, comte d'","Ennery, Victor-Thérèse Charpentier, comte d' (1732-1776)",1732-1776,Man
51545,"Duboys, Lewis","Duboys, Lewis (d. 1802)",-1802,Man
52223,"Franklin, Elizabeth Downs","Franklin, Elizabeth Downs (1730-1777)",1730-1777,Woman
51510,"Drake, Samuel","Drake, Samuel (1730-1794)",1730-1794,Man
53061,"Hardenbergh, Johannes, Jr.","Hardenbergh, Johannes, Jr. (1729-1786)",1729-1786,Man
55490,"McKean, Thomas","McKean, Thomas (1734-1817)",1734-1817,Man
265242,,,,
2755467,,,,
250762,"Fargues, ——","Fargues, —— (French officer)",-,Man
58926,"Thomas, Thomas","Thomas, Thomas (1744-1824)",1744-1824,Man
260393,"Lynch, Thomas, Jr.","Lynch, Thomas, Jr. (1749-1779)",1749-1779,Man
RN-ORG-0361,,,,
51713,"Edwards, Timothy","Edwards, Timothy (1738-1813)",1738-1813,Man
57553,"Root, Jesse","Root, Jesse (1736-1822)",1736-1822,Man
302466,"Van Cortlandt, Augustus","Van Cortlandt, Augustus",-,Man
56845,"Pinckney, Charles","Pinckney, Charles (1757-1824)",1757-1824,Man
RN-PER-0086,,,,
55682,"Miles, Samuel","Miles, Samuel (1739-1805)",1739-1805,Man
RN-GRP-0020,,,,
245067,"Cheesman, Thomas","Cheesman, Thomas (1725-1785)",1725-1785,Man
58872,"Temple, Harriet Shirley","Temple, Harriet Shirley",-,Woman
247866,"Dunlap, William","Dunlap, William (1766-1839, writer and playwright)",1766-1839,Man
57362,"Richmond, William","Richmond, William (1726-1807)",1726-1807,Man
RN-ORG-0273,,,,
350043,"Newland, Mehetable","Newland, Mehetable",-,Woman
60329,"Yates, Abraham, Jr.","Yates, Abraham, Jr. (1724-1796)",1724-1796,Man
51817,"Erskine, Robert","Erskine, Robert (1735-1780)",1735-1780,Man
54855,"Livingston, William Smith","Livingston, William Smith (1755-1795)",1755-1795,Man
60332,"Yates, Robert","Yates, Robert (1738-1801)",1738-1801,Man
57259,"Read, John Kearsley","Read, John Kearsley (1746-1805)",1746-1805,Man
49266,"Blodget, William","Blodget, William (1754-1809)",1754-1809,Man
RN-ORG-0159,,,,
300514,"Stevenson, Cornelius","Stevenson, Cornelius (1738-1803)",1738-1803,Man
50443,"Clark, Abraham","Clark, Abraham (1726-1794)",1726-1794,Man
51712,"Edwards, Thomas","Edwards, Thomas (1753-1806)",1753-1806,Man
54763,"Lincoln, Benjamin","Lincoln, Benjamin (1733-1810)",1733-1810,Man
251903,"Fraser, John","Fraser, John (1750-1811)",1750-1811,Man
242144,"Bull, John","Bull, John (c.1740-1802)",1740-1802,Man
58209,"Smith, Jonathan Bayard","Smith, Jonathan Bayard (1742-1812)",1742-1812,Man
RN-GRP-0006,,,,
RN-ORG-0030,,,,
52416,"Gay, Fisher","Gay, Fisher (1733-1776)",1733-1776,Man
RN-ORG-0065,,,,
49478,"Bradford, William, Sr.","Bradford, William, Sr. (1729-1808)",1729-1808,Man
251471,"Fabbroni, Giovanni Valentino Maria","Fabbroni, Giovanni Valentino Maria (1752-1822)",1752-1822,Man
54547,"Lee, Francis Lightfoot","Lee, Francis Lightfoot (1734-1797)",1734-1797,Man
57104,"Purviance, Samuel, Sr.","Purviance, Samuel, Sr. (1715-1781)",1715-1781,Man
347286,"Barker, Nicholas","Barker, Nicholas",-,Man
51874,"Ewing, James","Ewing, James (1744-1824)",1744-1823,Man
271486,"Swope, Michael","Swope, Michael",-,Man
342980,"Folsom, Nathaniel","Folsom, Nathaniel (1749-1818)",1749-1818,Man
300466,"Story, Thomas","Story, Thomas",-,Man
51253,"Deane, Silas","Deane, Silas (1737-1789)",1737-1789,Man
54536,"Lee, Arthur","Lee, Arthur (1740-1792)",1740-1792,Man
254230,"Hodge, William","Hodge, William (1750-1780)",1750-1780,Man
57115,"Putnam, Jeremiah","Putnam, Jeremiah (1737-1799)",1737-1799,Man
50515,"Cleaves, Nathaniel","Cleaves, Nathaniel (1753-1802)",1753-1802,Man
350262,"Pochard, Alexandre","Pochard, Alexandre",-,Man
56799,"Phillips, Joseph Sr.","Phillips, Joseph Sr. (1718-1788)",1718-1788,Man
52078,"Fitzhugh, William","Fitzhugh, William (1729-1785)",1729-1785,Man
58801,"Tash, Thomas","Tash, Thomas (1722-1809)",1722-1809,Man
55484,"McIntosh, William","McIntosh, William (1722-1813)",1722-1813,Man
57535,"Rogers, Zabdiel","Rogers, Zabdiel (1737-1808)",1737-1808,Man
56794,"Philipse, Elizabeth Williams","Philipse, Elizabeth Williams (1732-1817)",1732-1817,Woman
301176,"Morris, Thomas","Morris, Thomas (c. 1745-1809)",1745-1809,Man
50239,"Ceronio, Stephen","Ceronio, Stephen",-,Man
RN-ORG-0256,,,,
50346,"Chaumont, Jacques Donatien Le Ray de","Chaumont, Jacques Donatien Le Ray de (1725-1803)",1725-1803,Man
58019,"Shippen, William, Jr.","Shippen, William, Jr. (1736-1808)",1736-1808,Man
RN-ORG-0149,,,,
257105,"Irvin, William","Irvin, William (1744-1809)",1744-1809,Man
283621,"Lewis, Charles Lilburn","Lewis, Charles Lilburn (1747-1831)",1747-1831,Man
RN-ORG-0296,,,,
48392,"Allen, Ethan","Allen, Ethan (1738-1789)",1738-1789,Man
56310,"Oakley, Miles","Oakley, Miles (1757-1844)",1757-1844,Man
50329,"Chartier de Lotbinière, Michel, marquis de","Chartier de Lotbinière, Michel, marquis de (1723-1798)",1723-1798,Man
48628,"Atlee, Samuel John","Atlee, Samuel John (1739-1786)",1739-1786,Man
RN-ORG-0259,,,,
52148,"Forman, David","Forman, David (1745-1797)",1745-1797,Man
50474,"Clark, John, Jr.","Clark, John, Jr. (1751-1819)",1751-1819,Man
53725,"Humpton, Richard","Humpton, Richard (1732-1804)",1732-1804,Man
51080,"Dallam, Richard","Dallam, Richard (1743-1820)",1743-1820,Man
347339,"Beaugeard, Pierre-Marin","Beaugeard, Pierre-Marin",-,Man
49940,"Cadwalader, John","Cadwalader, John (1742-1786)",1742-1786,Man
55345,"Maxwell, William","Maxwell, William (c. 1733-1796)",1733-1796,Man
60061,"Williamson, Matthias, Jr.","Williamson, Matthias, Jr. (1751-1836)",1751-1836,Man
268619,"Rumsey, Nathan","Rumsey, Nathan",-,Man
51823,"Erwin, Arthur","Erwin, Arthur (1726-1791)",1726-1791,Man
59883,"Wharton, Thomas, Jr.","Wharton, Thomas, Jr. (1735-1778)",1735-1778,Man
50055,"Cantine, Matthew","Cantine, Matthew (1721-1789)",1721-1789,Man
53796,"Hutchinson, James","Hutchinson, James (1752-1793)",1752-1793,Man
51387,"Dickinson, Philemon","Dickinson, Philemon (1739-1809)",1739-1809,Man
51873,"Ewing, James","Ewing, James (1736-1806)",1736-1806,Man
54431,"La Rochefermoy, Matthias-Alexis, chevalier de","La Rochefermoy, Matthias-Alexis, chevalier de (1725-1782)",1725-1782,Man
RN-ORG-0191,,,,
56012,"Mottin de La Balme, Augustin","Mottin de La Balme, Augustin (1736-1780)",1736-1780,Man
49017,"Bedaulx, Charles-Frédéric","Bedaulx, Charles-Frédéric (1752-1779)",1752-1779,Man
350862,"Thicknesse, Philip","Thicknesse, Philip",1719-1792,Man
50262,"Chambers, David","Chambers, David (1734-1795)",1734-1795,Man
57983,"Sheldon, Elisha","Sheldon, Elisha (1740-1805)",1740-1805,Man
52848,"Gruel, Jacques-Barthélémy","Gruel, Jacques-Barthélémy",-,Man
55115,"Magaw, Robert","Magaw, Robert (1738-1790)",1738-1790,Man
RN-ORG-0319,,,,
RN-ORG-0316,,,,
59876,"Wharton, Carpenter","Wharton, Carpenter (1747-1780)",1747-1780,Man
51978,Ferguson,"Ferguson (Fergusson), Henry Hugh (b. 1748)",1748-,Man
RN-PER-0508,,,,
51831,"Estaing, Jean Baptiste Charles Henri Hector Théodat, comte d'","Estaing, Jean Baptiste Charles Henri Hector Théodat, comte d' (1729-1794)",1729-1794,Man
56014,"Mouchy, Philippe de Noailles, maréchal-duc de","Mouchy, Philippe de Noailles, maréchal-duc de (1715-1794)",1715-1794,Man
347421,"Bertin, Caroline -Bertrande Chapelle de Jumilhac-Cubjac Charlotte","Bertin, Caroline -Bertrande Chapelle de Jumilhac-Cubjac Charlotte",-,Woman
347420,"Bertier, Joseph-Etienne","Bertier, Joseph-Etienne",1702-1783,Man
51613,"Dunham, Azariah","Dunham, Azariah (1718-1790)",1718-1790,Man
59390,"Vergennes, Charles Gravier, comte de","Vergennes, Charles Gravier, comte de (1717-1787)",1717-1787,Man
57821,"Schweighauser, John Daniel","Schweighauser, John Daniel",-,Man
348020,"Courtanvaux, François-César Le Tellier, marquis de","Courtanvaux, François-César Le Tellier, marquis de",1718-1781,Man
RN-ORG-0322,,,,
52819,"Griffin, Samuel","Griffin, Samuel (1746-1810)",1746-1810,Man
RN-PER-0149,,,,
338717,"Manigault, Gabriel","Manigault, Gabriel (1758-1809)",1758-1809,Man
266273,"Pinckney, Mary Stead","Pinckney, Mary Stead (1752-1812)",1752-1812,Woman
RN-PER-0837,,,,
53869,"Izard, Ralph","Izard, Ralph (1742-1804)",1742-1804,Man
254767,"Hart, William","Hart, William (1746-1817)",1746-1817,Man
239028,"Aranda, Pedro Pablo Abarca de Bolea, Conde de","Aranda, Pedro Pablo Abarca de Bolea, Conde de (1718-1798, Spanish ambassador to France)",1718-1798,Man
349658,"Mackay, Francis","Mackay, Francis",-,Man
348924,"Hamilton, chevalier","Hamilton, chevalier",-,Man
RN-ORG-0137,,,,
51640,"Duportail, Antoine-Jean-Louis Le Bègue de Presle","Duportail, Antoine-Jean-Louis Le Bègue de Presle (1743-1802)",1743-1802,Man
59371,"Vaughan, Benjamin","Vaughan, Benjamin (1751-1835)",1751-1835,Man
239916,"Adanson, Michel","Adanson, Michel",-,Man
287421,"Greenwood, John","Greenwood, John (1727-1792)",1727-1792,Man
49248,"Bland, Theodorick","Bland, Theodorick (1742-1790)",1742-1790,Man
RN-ORG-0327,,,,
60205,"Wolcott, Oliver, Sr.","Wolcott, Oliver, Sr. (1726-1797)",1726-1797,Man
RN-PER-0090,,,,
48586,"Arnoux, Abbé","Arnoux, Abbé",-,Man
50253,"Chalut, Abbé","Chalut, Abbé (b. 1709)",1709-,Man
347268,"Bansais, -- de","Bansais, -- de",-,Man
347547,"Boulainvilliers, Marie-Madeleine-Adrienne d'Hallencourt Bernard, marquise de","Boulainvilliers, Marie-Madeleine-Adrienne d'Hallencourt Bernard, marquise de",-,Woman
348061,"Croÿ, Anne-Emmanuel-Ferdinand-François, duc de","Croÿ, Anne-Emmanuel-Ferdinand-François, duc de",1718-1784,Man
150238,Joyce,"Joyce (TJ's slave, b. 1796)",1796-,Man
51310,"Denison, Nathan","Denison, Nathan (1741-1809)",1741-1809,Man
48672,"Babcock, Henry","Babcock, Henry (1736-1800, Harry)",1736-1800,Man
54992,"Lutterloh, Henry Emanuel","Lutterloh, Henry Emanuel (1743-1798)",1743-1798,Man
52444,"Gérard, Conrad Alexandre","Gérard, Conrad Alexandre (1729-1790)",1729-1790,Man
247572,"Dangeul, Louis Joseph Plumard de","Dangeul, Louis Joseph Plumard de (1722-1777)",1722-1777,Man
55573,"Mease, James","Mease, James (1740-1785)",1740-1785,Man
350849,"Terry, Jeremiah","Terry, Jeremiah",-,Man
347825,"Chalut de Vérin, Geoffroy","Chalut de Vérin, Geoffroy",-1787,Man
RN-ORG-0118,,,,
349878,"Milly, Nicolas-Christiern de Thy, comte de","Milly, Nicolas-Christiern de Thy, comte de",1728-1784,Man
48526,"Antill, Edward","Antill, Edward (1742-1789)",1742-1789,Man
50800,"Cornwallis, Charles","Cornwallis, Charles (1738-1805)",1738-1805,Man
58599,"Stone, John Hoskins","Stone, John Hoskins (1745-1804)",1745-1804,Man
59773,"Webb, Samuel Blachley","Webb, Samuel Blachley (1753-1807)",1753-1807,Man
347860,"Chaumont, --","Chaumont, --",-,Man
49021,"Bedford, Gunning","Bedford, Gunning (1742-1797)",1742-1797,Man
53027,"Hancock, Ebenezer","Hancock, Ebenezer (1741-1819)",1741-1819,Man
58979,"Thornton, John","Thornton, John (1710-1777)",1710-1777,Man
59555,"Walton, George","Walton, George (1750-1804)",1750-1804,Man
350532,"Rullecourt, Phillipe-Charles-Félix Macquart, baron de","Rullecourt, Phillipe-Charles-Félix Macquart, baron de",-,Man
RN-PER-0756,,,,
55318,"Mauduit du Plessis, Thomas-Antoine, chevalier de","Mauduit du Plessis, Thomas-Antoine, chevalier de (c. 1753-1791)",1753-1791,Man
RN-ORG-0068,,,,
56589,"Patton, John","Patton, John (1745-1804)",1745-1804,Man
59444,"Wade, Francis","Wade, Francis (d. 1810)",-1810,Man
350440,"Ritchie, Juliana","Ritchie, Juliana",-,Woman
57997,"Sherburne, Henry","Sherburne, Henry (1747-1824)",1747-1824,Man
53325,"Henley, David","Henley, David (c.1748-1786)",1749-1786,Man
50793,"Cornell, Ezekiel","Cornell, Ezekiel (1733-1800)",1733-1800,Man
53158,"Hartley, Thomas","Hartley, Thomas (1748-1800)",1748-1800,Man
257873,"Jackson, Henry","Jackson, Henry (1747-1809)",1747-1809,Man
347465,"Bissy, Stefano, baron de","Bissy, Stefano, baron de",1727-,Man
RN-PER-0067,,,,
348847,"Grimaldi, Jeronimo, marqués de","Grimaldi, Jeronimo, marqués de",1720-1786,Man
52534,"Gist, Nathaniel","Gist, Nathaniel (1733-1796)",1733-1796,Man
54279,"Kirkbride, Joseph","Kirkbride, Joseph (1731-1803)",1731-1803,Man
54922,"Loring, Joshua, Jr.","Loring, Joshua, Jr. (1744-1789)",1744-1789,Man
57848,"Scott, William","Scott, William (1744-1815)",1744-1815,Man
58886,"Ternant, Jean-Baptiste, chevalier de","Ternant, Jean-Baptiste, chevalier de (1751-1816)",1751-1816,Man
365462,"Davis, Nicholas","Davis, Nicholas (fund seeker)",-,Man
52116,"Flower, Benjamin","Flower, Benjamin (1748-1781)",1748-1781,Man
53205,"Haussegger, Nicholas","Haussegger, Nicholas (1729-1786)",1729-1786,Man
48505,"Anmours, Charles-François-Adrien Le Paulmier, chevalier d'","Anmours, Charles-François-Adrien Le Paulmier, chevalier d' (1742-1807)",1742-1807,Man
348379,"Echlin, Henry","Echlin, Henry",1740-1799,Man
267278,"Paulze, Jacques","Paulze, Jacques",1721-1794,Man
50576,"Cochran, John","Cochran, John (1745-1790, of N.H.)",1745-1790,Man
52599,"Goodrich, John, Sr.","Goodrich, John, Sr. (1722-1785)",1722-1785,Man
51359,"DeWitt, Charles","DeWitt, Charles (1727-1787)",1727-1787,Man
RN-PER-0536,,,,
56296,"Nourse, Joseph","Nourse, Joseph (1754-1841)",1754-1841,Man
55141,"Malmedy, François Lellorquis de","Malmedy, François Lellorquis de",-,Man
56338,"Ogden, Robert","Ogden, Robert (1716-1787)",1716-1787,Man
RN-ORG-0331,,,,
RN-PER-0575,,,,
269753,"Sarsfield, Guy-Claude, comte de","Sarsfield, Guy-Claude, comte de (1718-1789)",1718-1789,Man
259414,"Lefebvre, ——","Lefebvre, —— (M.)",-,Man
56229,"Nicholson, Samuel","Nicholson, Samuel (1743-1811)",1743-1811,Man
131779,"Harrison, Charles","Harrison, Charles (c.1740-c.1803)",1737-1803,Man
RN-PER-0284,,,,
49763,"Buckner, Mordecai","Buckner, Mordecai (1721-1787)",1721-1787,Man
55908,"Morris, Apollos","Morris, Apollos",-,Man
365470,"Dodd, William","Dodd, William (1729-1777)",1729-1777,Man
57006,"Powell, Leven","Powell, Leven (1737-1810)",1737-1810,Man
RN-PER-0251,,,,
57814,"Schott, John Paul","Schott, John Paul (1744-1829)",1744-1829,Man
RN-PER-0709,,,,
50689,"Comstock, Adam","Comstock, Adam (1740-1819)",1740-1819,Man
59454,"Wadsworth, Jeremiah","Wadsworth, Jeremiah (1743-1804)",1743-1804,Man
57712,"Sackett, Nathaniel","Sackett, Nathaniel (1737-1805)",1737-1805,Man
RN-ORG-0263,,,,
RN-ORG-0002,,,,
348749,"Girardot de Marigny, Jean","Girardot de Marigny, Jean",-1796,Man
350871,"Thompson, Emma","Thompson, Emma",-,Woman
57713,"Germain, George Sackville","Germain, George Sackville (1716-1785)",1716-1785,Man
54829,"Livingston, James","Livingston, James (d. 1790)",1728-1790,Man
RN-ORG-0185,,,,
276426,"Warner, Nathaniel","Warner, Nathaniel",-,Man
350762,"Stewart, Margaret","Stewart, Margaret",-,Woman
347496,"Boilau, --","Boilau, --",-,Man
54472,"Lavallée, Gilles de","Lavallée, Gilles de",-,Man
RN-GRP-0016,,,,
57693,"Rutherfurd, Walter","Rutherfurd, Walter (1723-1804)",1723-1804,Man
339163,"Wright, Elizabeth Izard,","Wright, Elizabeth Izard, (Mrs. Alexander) (b. 1753)",1753-,Woman
RN-ORG-0120,,,,
RN-PER-0661,,,,
RN-PER-0264,,,,
350093,"Osmond, René-Eustache, marquis d'","Osmond, René-Eustache, marquis d' (1751-1838)",1751-1838,Man
56602,"Pawling, Levi","Pawling, Levi (1721-1782)",1721-1782,Man
57514,"Rodney, Caesar","Rodney, Caesar (1728-1784)",1728-1784,Man
58359,"Spencer, Oliver","Spencer, Oliver (1736-1811)",1736-1811,Man
54961,"Lowrey, Thomas","Lowrey, Thomas (1737-1806)",1737-1806,Man
RN-ORG-0328,,,,
49630,"Brooks, John","Brooks, John (1752-1825)",1752-1825,Man
53856,"Irwin, Mathew","Irwin, Mathew (1740-1800)",1740-1800,Man
56060,"Murray, David, 7th Viscount Stormont","Murray, David, 7th Viscount Stormont (1727-1796)",1727-1796,Man
347933,"Coder, Henry","Coder, Henry",1738-1780,Man
56035,"Muhlenberg, John Peter Gabriel","Muhlenberg, John Peter Gabriel (1746-1807)",1746-1807,Man
54825,"Livingston, Henry Gilbert","Livingston, Henry Gilbert (1754-1817)",1754-1817,Man
49729,"Bryan, Jonathan","Bryan, Jonathan (1708-1788)",1708-1788,Man
347296,"Barry, Amelia Evans","Barry, Amelia Evans",1744-1835,Woman
254426,"Hynson (Hinson), Joseph","Hynson (Hinson), Joseph",-,Man
305466,"Grand, Isaac-Jean-Georges-Jonas","Grand, Isaac-Jean-Georges-Jonas (1716-1793, brother of Ferdinand Grand)",1716-1793,Man
348790,"Gourlade, Jacques-Alexandre","Gourlade, Jacques-Alexandre",-,Man
347859,"Chaulnes, Yves-Marie-Joseph d'Albert d'Ailly, duc de","Chaulnes, Yves-Marie-Joseph d'Albert d'Ailly, duc de",1741-1793,Man
55507,"McKinly, John","McKinly, John (1721-1796)",1721-1796,Man
54662,"Le Veillard, Louis Guillaume","Le Veillard, Louis Guillaume (1733-1794)",1733-1794,Man
RN-PER-0089,,,,
49997,"Campbell, Archibald","Campbell, Archibald (1739-1791)",1739-1791,Man
58779,"Tallmadge, Benjamin","Tallmadge, Benjamin (1754-1835)",1754-1835,Man
268040,Rulhière,"Rulhière (Rulier), Claude Carlomain de (1735-1791)",1735-1791,Man
53851,"Irvine, James","Irvine, James (1735-1819)",1735-1819,Man
56949,"Poor, Enoch","Poor, Enoch (1736-1780)",1736-1780,Man
56561,"Paterson, Major Gen. John","Paterson, Major Gen. John (1744-1808)",1744-1808,Man
58033,"Shreve, Israel","Shreve, Israel (1739-1799)",1739-1799,Man
RN-PER-0767,,,,
49823,"Burke, Bartholomew","Burke, Bartholomew",-,Man
57466,"Robinson, Beverly","Robinson, Beverly (1723-1792)",1723-1792,Woman
51948,"Febiger, Christian","Febiger, Christian (1746-1796)",1746-1796,Man
60294,"Wright, Patience Lovell","Wright, Patience Lovell (1725-1786)",1725-1786,Woman
347347,"Élie de Beaumont, Jean-Baptiste-Jacques","Élie de Beaumont, Jean-Baptiste-Jacques",1732-1786,Man
58138,"Smallwood, William","Smallwood, William (1732-1792)",1732-1792,Man
59785,"Weedon, George","Weedon, George (1734-1793)",1734-1793,Man
265668,"Platt, Ebenezer Smith","Platt, Ebenezer Smith",1753-,Man
276900,"Wilkinson, William","Wilkinson, William",-,Man
RN-ORG-0066,,,,
RN-ORG-0379,,,,
59561,"Ward, Andrew","Ward, Andrew (1727-1799)",1727-1799,Man
59084,"Towles, Oliver","Towles, Oliver (1736-1825)",1736-1825,Man
54401,"La Neuville, Louis-Pierre Penot Lombart, chevalier de","La Neuville, Louis-Pierre Penot Lombart, chevalier de (1744-c. 1800)",1744-1800,Man
49942,"Cadwalader, Lambert","Cadwalader, Lambert (1742-1823)",1742-1823,Man
48280,"Adams, Charles","Adams, Charles (1770-1800)",1770-1800,Man
53653,"Howe, Robert","Howe, Robert (1732-1786)",1732-1786,Man
57700,"Rutledge, John","Rutledge, John (1739-1800)",1739-1800,Man
348130,"Debrissac de Saxey, Mr.","Debrissac de Saxey, Mr. (of Saint-Quentin, France)",-,Man
48373,"Alexander, Robert","Alexander, Robert (d. 1793)",1740-1793,Man
59918,"White, Anthony Walton","White, Anthony Walton (1750-1803)",1750-1803,Man
RN-PER-0629,,,,
351184,"Würmser, Christian-Louis, baron de","Würmser, Christian-Louis, baron de",-,Man
51751,"Elliott, Thomas","Elliott, Thomas (1741-1807)",1741-1807,Man
347922,"Clermont-Tonnerre, Charles-Henri-Jules, comte de","Clermont-Tonnerre, Charles-Henri-Jules, comte de",1720-1794,Man
49706,"Brown, William","Brown, William (c. 1738-1825)",1738-1825,Man
53197,"Hastings, Jonathan","Hastings, Jonathan (1751-1831)",1751-1831,Man
53405,"Hillegas, Michael","Hillegas, Michael (1729-1804)",1729-1804,Man
347731,"Caffiéri, Jean-Jacques","Caffiéri, Jean-Jacques",1725-1792,Man
53476,"Hoff, Charles, Jr.","Hoff, Charles, Jr. (1756-1811)",1756-1811,Man
55513,"McLane, Allan","McLane, Allan (1746-1829)",1746-1829,Man
57167,"Ramsay, Nathaniel","Ramsay, Nathaniel (1741-1817)",1741-1817,Man
347200,"Arrenberg, Reinier","Arrenberg, Reinier (1736-1812)",1736-1812,Man
RN-ORG-0255,,,,
258412,"Knox, Hugh","Knox, Hugh",-,Man
244538,"Cox, --","Cox, -- (captain, Conn. tavern owner)",-,Man
49369,"Boudinot, Elias","Boudinot, Elias (1740-1821)",1740-1821,Man
59196,"Turgot, Anne Robert Jacques, Baron de l'Aulne","Turgot, Anne Robert Jacques, Baron de l'Aulne (1727-1781)",1727-1781,Woman
59473,"Walcott, William","Walcott, William (d. 1777)",-1777,Man
55259,"Mason, David","Mason, David (1733-1792)",1733-1792,Man
57064,"Price, Col. Thomas","Price, Col. Thomas (1732-1795)",1732-1795,Man
250529,"Feutry, Aimé Ambroise Joseph","Feutry, Aimé Ambroise Joseph (1720-1789, French poet)",1720-1789,Man
59337,"Van Schaick, Goose","Van Schaick, Goose (1736-1789)",1736-1789,Man
RN-PER-0438,,,,
RN-PER-0079,,,,
53280,"Heard, Nathaniel","Heard, Nathaniel (1730-1792)",1730-1792,Man
60141,"Winds, William","Winds, William (1727-1789)",1727-1789,Man
RN-ORG-0070,,,,
350539,"Rybot, Charles","Rybot, Charles",-,Man
270951,"Smith, William","Smith, William (of Suffolk County, N.Y.)",-,Man
348716,"Georgel, Jean-François, abbé","Georgel, Jean-François, abbé",1731-1813,Man
54463,"Laurance, John","Laurance, John (1750-1810)",1750-1810,Man
55924,"Morris, Jacob","Morris, Jacob (1755-1844)",1755-1844,Man
303842,"Livingston, Catharine","Livingston, Catharine (N.Y.)",-,Woman
RN-ORG-0023,,,,
53320,"Hendricks, James","Hendricks, James",-,Man
RN-PER-0378,,,,
50827,"Court de Gébelin, Antoine","Court de Gébelin, Antoine (1725-1784)",1725-1784,Man
347976,"Conway, Françoise-Antoinette-Jeanne Langlois du Bouchet, comtesse de","Conway, Françoise-Antoinette-Jeanne Langlois du Bouchet, comtesse de",-,Woman
RN-PER-0769,,,,
54134,"Jouett, John, Jr.","Jouett, John, Jr. (1754-1822)",1754-1822,Man
347270,"Baptestin de Moulières, Antoine-Joseph Raup de","Baptestin de Moulières, Antoine-Joseph Raup de (1747-1827)",1747-1827,Man
348183,"Desegray, Mr.","Desegray, Mr.",-,Man
348609,"Franquelin, Mr.","Franquelin, Mr. (of Paris)",-,Man
RN-ORG-0334,,,,
53172,"Harvie, John","Harvie, John (1742-1807)",1742-1807,Man
347227,"Mercy-Argenteau, Florimond-Claude-Charles, comte de","Mercy-Argenteau, Florimond-Claude-Charles, comte de",1727-1794,Man
347585,"Brahm, François de","Brahm, François de",-,Man
257225,"Johnson, Henry","Johnson, Henry (captain, of the Lexington)",-,Man
251547,"Fisher, Jabez","Fisher, Jabez (1717-1806)",1717-1806,Man
350698,"Sowden, Benjamin","Sowden, Benjamin",-1778,Man
52462,"Gibbs, Caleb","Gibbs, Caleb (1748-1818)",1748-1818,Man
350203,"Perreau, Pierre-Joseph","Perreau, Pierre-Joseph",-,Man
51366,"Dey, Theunis","Dey, Theunis (1726-1787)",1726-1787,Man
347799,"Cauffman, Joseph","Cauffman, Joseph",1755-1778,Man
53746,"Hunter, John","Hunter, John (1728-1793)",1728-1793,Man
48547,"Arendt, Henry Leonard Philip Baron de","Arendt, Henry Leonard Philip Baron de",-,Man
48529,Anville,"Anville (Enville), Marie Louise Nicole Elisabeth de La Rochefoucauld, Duchesse d' (1716-1797)",1716-1797,Woman
59261,"Valltravers, Johann Rodolphe","Valltravers, Johann Rodolphe (1723-1815)",1723-1815,Man
350696,"Sousa Coutinho, Vicente, conde de","Sousa Coutinho, Vicente, conde de",-,Man
350286,"Ponte do Lima, Tomás Xavier de Lima Nogueira Vasconcelos Teles de Silva, marquês de","Ponte do Lima, Tomás Xavier de Lima Nogueira Vasconcelos Teles de Silva, marquês de",1727-1800,Man
50878,"Craik, James","Craik, James (1730-1814)",1730-1814,Man
347245,"Bachelier, Jean-Jacques","Bachelier, Jean-Jacques",1724-1806,Man
55648,"Mersereau, John","Mersereau, John (1732-1820)",1732-1820,Man
264549,"Neil, Elizabeth Mallam","Neil, Elizabeth Mallam",-,Woman
RN-ORG-0174,,,,
RN-PER-0678,,,,
55406,"McClanachan, Alexander","McClanachan, Alexander (1734-1797)",1734-1797,Man
49417,"Bowman, Abraham","Bowman, Abraham (1749-1837)",1749-1837,Man
261248,"Mercklé, Johannes P.","Mercklé, Johannes P.",-,Man
50632,"Colerus, Christian Henri Carolus de","Colerus, Christian Henri Carolus de (b. 1742)",1742-,Man
RN-PER-0006,,,,
RN-ORG-0089,,,,
50098,"Carmichael, William","Carmichael, William (c. 1738-1795)",1738-1795,Man
348785,"Goueslard de Champigny, Léonard-Louis","Goueslard de Champigny, Léonard-Louis",-,Man
52724,"Gray, Samuel","Gray, Samuel (1751-1836)",1751-1836,Man
57005,"Powell, Jeremiah Dummer","Powell, Jeremiah Dummer (1720-1784)",1720-1784,Man
RN-PER-0102,,,,
52805,"Grice, Francis","Grice, Francis (1726-1798)",1726-1798,Man
53303,"Heister, Leopold Philipp, Freiherr von","Heister, Leopold Philipp, Freiherr von (1707-1777)",1707-1777,Man
53978,"Jenifer, Daniel of St. Thomas","Jenifer, Daniel of St. Thomas (1723-1790)",1723-1790,Man
59822,"Welsh, Jacob","Welsh, Jacob (1755-1822)",1755-1822,Man
57823,"Scott, Charles","Scott, Charles (1739-1813)",1739-1813,Man
55948,"Morris, Richard","Morris, Richard (1730-1810)",1730-1810,Man
52669,"Grand, Ferdinand","Grand, Ferdinand (1726-1794)",1726-1794,Man
50620,"Colden, Cadwallader, II","Colden, Cadwallader, II (1722-1797)",1722-1797,Man
54108,"Jones, Strother","Jones, Strother (b. 1756)",1756-,Man
49038,"Beeler, Joseph","Beeler, Joseph",-,Man
RN-PER-0729,,,,
58510,"Stevens, Edward","Stevens, Edward (1745-1820)",1745-1820,Man
55230,"Martin, Alexander","Martin, Alexander (1740-1807)",1740-1807,Man
RN-ORG-0071,,,,
49607,"Brodhead, Daniel","Brodhead, Daniel (1736-1809)",1736-1809,Man
RN-ORG-0122,,,,
52811,"Grier, David","Grier, David (1741-1790)",1741-1790,Man
59175,"La Rouërie, Armand-Charles Tuffin, marquis de","La Rouërie, Armand-Charles Tuffin, marquis de (1750-1793)",1750-1793,Man
50720,"Conway, Thomas","Conway, Thomas (1735-1795)",1735-1795,Man
RN-ORG-0311,,,,
57056,"Hubert, Philippe","Hubert, Philippe (1717-1790, Chevalier de Preudhomme de Borre)",1717-1790,Man
350316,"Prichard, John","Prichard, John",1740-1780,Man
347328,"Baussay, Elias de","Baussay, Elias de",-,Man
350045,"Niccoli, Raimondo, abbé","Niccoli, Raimondo, abbé",-,Man
52532,"Gist, Mordecai","Gist, Mordecai (1742-1792)",1742-1792,Man
254129,"Henshaw, Andrew","Henshaw, Andrew",-,Man
RN-PER-0676,,,,
350643,"Shanly, James","Shanly, James",-,Man
56369,"Olney, Jeremiah","Olney, Jeremiah (1749-1812)",1749-1812,Man
49913,"Butler, Zebulon","Butler, Zebulon (1731-1795)",1731-1795,Man
RN-PER-0464,,,,
349468,"Le Roy, Pétronille de Messey","Le Roy, Pétronille de Messey",-,Woman
48800,"Barber, Francis","Barber, Francis (1750-1783)",1750-1783,Man
49147,"Bicker, Henry","Bicker, Henry (1723-1801)",1723-1801,Man
56882,"Platt, Zephaniah","Platt, Zephaniah (1735-1807)",1735-1807,Man
58794,"Tappen, Christopher","Tappen, Christopher (1742-1826)",1742-1826,Man
54091,"Jones, John Paul","Jones, John Paul (1747-1792)",1747-1792,Man
349399,"Lauron, Louis-François Eldrad du Puy de","Lauron, Louis-François Eldrad du Puy de",1741-,Man
350528,"Ruault, Nicolas","Ruault, Nicolas",-,Man
RN-PER-0249,,,,
58213,"Smith, Josiah","Smith, Josiah (1723-1786)",1723-1786,Man
53270,"Hazen, Moses","Hazen, Moses (1733-1803)",1733-1803,Man
57531,"Rogers, Nicholas","Rogers, Nicholas (1753-1822)",1753-1822,Man
252370,"Gansevoort, Leonard","Gansevoort, Leonard",-,Man
302931,"Yates, Peter Waldron","Yates, Peter Waldron",1747-1826,Man
54955,"Lownes, Caleb","Lownes, Caleb (1754-1828)",1754-1828,Man
310344,"Porter, John","Porter, John (c. 1756-1827)",1756-1827,Man
54082,"Jones, Gabriel","Jones, Gabriel (1724-1806)",1724-1806,Man
58879,"Ten Broeck, John C.","Ten Broeck, John C. (1755-1835)",1755-1835,Man
240900,"Burnell, John","Burnell, John (captain, of the Montgomery)",-,Man
347769,"Cardone, Mr. de","Cardone, Mr. de",-,Man
260587,"Lavoisier, Antoine Laurent","Lavoisier, Antoine Laurent (1743-1794)",1743-1794,Man
261221,"Mease, Matthew","Mease, Matthew",-,Man
60346,"Young, Charles","Young, Charles (1757-1842)",1757-1842,Man
350880,"Thuillières, Jean-François de","Thuillières, Jean-François de",1739-1790,Man
RN-BUS-0086,,,,
59311,"Van Emberg, John","Van Emberg, John (1736-1803)",1736-1803,Man
260605,"Le Bègue de Presle, Achille Guillaume","Le Bègue de Presle, Achille Guillaume",1735-1807,Man
269754,"Sarsfield, Jacques-Hyacinthe, vicomte de","Sarsfield, Jacques-Hyacinthe, vicomte de (d. 1787)",1716-1787,Man
350865,"Thiérin, Philippe-François","Thiérin, Philippe-François",-,Man
348252,"Drouet, Charles","Drouet, Charles",-,Man
49154,"Biddle, Clement","Biddle, Clement (1740-1814)",1740-1814,Man
348239,"Douglas, Archibald","Douglas, Archibald",-,Man
52906,"Haines, Reuben","Haines, Reuben (1726-1793)",1726-1793,Man
350135,"Paradis, Nicolas-Hyacinthe","Paradis, Nicolas-Hyacinthe",-,Man
240750,"Bridgen, Edward","Bridgen, Edward (London merchant)",-1787,Man
349342,"Lambert, Pierre","Lambert, Pierre",-,Man
57764,"Sargeant, Nathaniel Peaslee","Sargeant, Nathaniel Peaslee (1731-1791)",1731-1791,Man
54697,"Lewis, Francis","Lewis, Francis (1713-1803)",1713-1803,Man
350918,"Tressan, Louis-Elisabeth de La Vergne, comte de","Tressan, Louis-Elisabeth de La Vergne, comte de",1705-1783,Man
348336,"Mauduit Duplessis, Antoine-Joseph","Mauduit Duplessis, Antoine-Joseph",1717-1777,Man
49852,"Burr, Aaron","Burr, Aaron (1756-1836)",1756-1836,Man
55138,"Malcom, William","Malcom, William (1745-1791)",1745-1791,Man
347675,"Bucquet, César","Bucquet, César",-,Man
348693,"Gautier, Antoine, fils","Gautier, Antoine, fils",-,Man
51557,"Du Coudray, Philippe-Charles-Jean-Baptiste Tronson","Du Coudray, Philippe-Charles-Jean-Baptiste Tronson (1738-1777)",1738-1777,Man
RN-PER-0481,,,,
347419,"Berthon de Maisonneuve, --","Berthon de Maisonneuve, --",-,Man
55139,"Malesherbes, Chrétien-Guillaume de Lamoignon de","Malesherbes, Chrétien-Guillaume de Lamoignon de (1721-1794)",1721-1794,Man
51776,"Elmer, Jonathan","Elmer, Jonathan (1745-1817)",1745-1817,Man
55669,"Middleton, Henry","Middleton, Henry (1717-1800)",1717-1784,Man
326521,David,"David (runaway slave, b. c. 1740, of Lunenburg Co., Va.)",1740-,Man
RN-PER-0623,,,,
51243,"Dayton, Elias","Dayton, Elias (1737-1807)",1737-1807,Man
347811,"Caÿrol, Etienne","Caÿrol, Etienne",-,Man
348595,"Franchessin, Gaspard-Louis de","Franchessin, Gaspard-Louis de",-,Man
RN-PER-0302,,,,
RN-ORG-0368,,,,
347796,"Castrioto, Félix António","Castrioto, Félix António",-,Man
RN-BUS-0037,,,,
RN-ORG-0266,,,,
54500,"Lawson, Robert","Lawson, Robert (1748-1805)",1748-1805,Man
RN-BUS-0030,,,,
350428,"Richoufftz, Jean-Laurent-César, chevalier de","Richoufftz, Jean-Laurent-César, chevalier de",-,Man
RN-PER-0618,,,,
RN-ORG-0116,,,,
57621,"Ruddock, John","Ruddock, John",-,Man
54824,"Livingston, Henry Brockholst","Livingston, Henry Brockholst (1757-1823)",1757-1823,Man
RN-ORG-0313,,,,
349884,"Mirabeau, Victor de Riquetti, marquis de","Mirabeau, Victor de Riquetti, marquis de",1715-1789,Man
RN-PER-0444,,,,
244180,"Ceronio, Joseph","Ceronio, Joseph (of Genoa)",-,Man
RN-ORG-0204,,,,
RN-ORG-0124,,,,
RN-ORG-0148,,,,
RN-PER-0427,,,,
56337,"Ogden, Matthias","Ogden, Matthias (1754-1791)",1754-1791,Man
349313,"Lafargue, J.","Lafargue, J.",-,Man
50038,"Campbell, Richard","Campbell, Richard (d. 1781)",1746-1781,Man
54983,"Ludwick, Christopher","Ludwick, Christopher (1720-1801)",1720-1801,Man
RN-PER-0755,,,,
57094,"Pulaski, Casimir","Pulaski, Casimir (1745-1779)",1745-1779,Man
48393,"Allen, Heman","Allen, Heman (1740-1778)",1740-1778,Man
RN-ORG-0336,,,,
52126,"Folsom, Nathaniel","Folsom, Nathaniel (1726-1790)",1726-1790,Man
51666,"Dyer, Eliphalet","Dyer, Eliphalet (1721-1807)",1721-1807,Man
60072,"Williams, William","Williams, William (1730-1811)",1731-1811,Man
RN-ORG-0337,,,,
RN-ORG-0192,,,,
56109,"Nash, Francis","Nash, Francis (1742-1777)",1742-1777,Man
RN-PER-0764,,,,
54466,"Laurens, John","Laurens, John (1754-1782)",1754-1782,Man
RN-ORG-0051,,,,
347830,"Champigny, Jean Bochard, chevalier de","Champigny, Jean Bochard, chevalier de",1712-1787,Man
250642,"Foucault, Michel","Foucault, Michel (Jean Simon David de)",-1821,Man
348724,"Germany, Louis Necker de","Germany, Louis Necker de",1730-1804,Man
300483,"Wharton, Thomas","Wharton, Thomas (1731-1784)",1731-1784,Man
348548,"Foligné-Deschalonges, François-Jérôme de","Foligné-Deschalonges, François-Jérôme de",-,Man
49321,"Bondfield, John","Bondfield, John",-,Man
349949,"Morand, Jean-François-Clément","Morand, Jean-François-Clément",1726-1784,Man
56183,"Newcomb, Silas","Newcomb, Silas (1723-1779)",1723-1779,Man
349481,"Lecoq, Mr.","Lecoq, Mr.",-,Man
349739,"Martin, Louis-Daniel","Martin, Louis-Daniel",-,Man
350367,"Raspe, Rudolph Erich","Raspe, Rudolph Erich",1737-1794,Man
48427,"Allibone, William","Allibone, William (1761-1797)",1761-1797,Man
RN-ORG-0237,,,,
RN-ORG-0225,,,,
53534,"Holtzendorff, Louis-Casimir, baron de","Holtzendorff, Louis-Casimir, baron de (b. 1728)",1728-,Man
RN-ORG-0177,,,,
RN-PER-0390,,,,
49748,"Buchanan, William","Buchanan, William (1732-1804)",1732-1804,Man
58722,"Swearingen, Van","Swearingen, Van (1719-1788)",1719-1788,Man
349158,"Joyeuse, Jean-Baptiste-Xavier","Joyeuse, Jean-Baptiste-Xavier",-,Man
347409,"Bernardin de Saint-Pierre, Jacques-Henri","Bernardin de Saint-Pierre, Jacques-Henri",1737-1814,Man
RN-PER-0329,,,,
349279,"La Prade, Jacques-Julien Richard de","La Prade, Jacques-Julien Richard de",-,Man
348991,"Hennet, François-Auguste-Pompée","Hennet, François-Auguste-Pompée",1728-1792,Man
48571,"Armstrong, John","Armstrong, John (1750-1792, of N.C.)",1750-1792,Man
347845,"Charlot, --","Charlot, --",-,Man
51849,"Evans, Evan","Evans, Evan (1732-1794)",1732-1794,Man
51861,"Evans, William","Evans, William (sergeant)",1733-,Man
58942,"Thompson, John Dockery","Thompson, John Dockery (1743-1786)",1743-1786,Man
RN-PER-0053,,,,
RN-PER-0652,,,,
RN-PER-0483,,,,
350921,"Trezarrieu, Pierre","Trezarrieu, Pierre",-,Man
RN-ORG-0119,,,,
365464,"Day, William","Day, William (privateer, of Mass.)",-,Man
348584,"Fournier, Jean-François","Fournier, Jean-François (fils; spouse of Marie-Elisabeth Gando Fournier)",-,Man
300150,"Richardson, William","Richardson, William (1737-1813)",1737-1813,Man
58535,"Stewart, Charles","Stewart, Charles (1729-1800)",1729-1800,Man
59016,"Tilghman, Tench","Tilghman, Tench (1744-1786)",1744-1786,Man
56917,"Pollard, Benjamin","Pollard, Benjamin",-,Man
RN-PER-0047,,,,
RN-BUS-0062,,,,
50986,"Cunningham, Peter","Cunningham, Peter (1750-1827)",1750-1827,Man
51189,"Davis, Caleb","Davis, Caleb (1738-1797)",1738-1797,Man
RN-BUS-0027,,,,
57589,"Ross, James","Ross, James (1752-1808)",1752-1808,Man
49510,"Braxton, Carter","Braxton, Carter (1736-1797)",1736-1797,Man
56062,"Murray, Francis","Murray, Francis (1732-1816)",1732-1816,Man
53278,"Heard, John","Heard, John (1754-1826)",1754-1826,Man
RN-ORG-0396,,,,
RN-PER-0666,,,,
260611,"Le Brun, Charles","Le Brun, Charles",1754-1844,Man
265586,"Petrie, Samuel","Petrie, Samuel (member of Franklin's circle at Passy)",-,Man
58963,Thornburg,"Thornburg (Thornburgh, Thornborough), Joseph (1752-1820)",1752-1820,Man
350111,"O'Doüin, Thadée-Humphrey O’Dunne","O'Doüin, Thadée-Humphrey O’Dunne",1742-,Man
349254,"La Faye, Julien-Pierre de","La Faye, Julien-Pierre de",-,Man
RN-ORG-0105,,,,
348512,"Filleul, Louis","Filleul, Louis",-,Man
52468,"Gibson, George","Gibson, George (1747-1791)",1747-1791,Man
53268,"Hazelwood, John","Hazelwood, John (1726-1800)",1726-1800,Man
56915,"Polk, Thomas","Polk, Thomas (1732-1794)",1732-1794,Man
347388,"Benyowski, Maurice-Auguste, baron de","Benyowski, Maurice-Auguste, baron de",1741-1786,Man
54218,"Kennedy, Samuel","Kennedy, Samuel (1730-1778)",1730-1778,Man
RN-ORG-0395,,,,
274388,"Thompson, Thomas McKean","Thompson, Thomas McKean",1734-1817,Man
55437,"McCreery, William","McCreery, William (1750-1840)",1750-1840,Man
51977,Ferguson,"Ferguson (Fergusson), Elizabeth Graeme (1737-1801)",1737-1801,Woman
56234,"Nicola, Lewis","Nicola, Lewis (1717-1807)",1717-1807,Man
53413,"Hill, Jeremiah","Hill, Jeremiah (1747-1820)",1747-1820,Man
260995,"MacMahon, John","MacMahon, John (doctor)",-1786,Man
55674,"Mifflin, Jonathan","Mifflin, Jonathan (1753-1840)",1753-1840,Man
54022,"Johnson, Joshua","Johnson, Joshua (1742-1802, father of LCA)",1742-1802,Man
RN-PER-0304,,,,
52503,"Gill, John","Gill, John (1732-1785)",1732-1785,Man
53505,"Hollingsworth, Henry","Hollingsworth, Henry (1737-1803)",1737-1803,Man
346082,"Bowman, Jacob","Bowman, Jacob (1763-1847)",1763-1847,Man
350287,"Ponteney, -- de","Ponteney, -- de",-,Man
250604,"Folger, John","Folger, John (captain)",-,Man
348231,"Doerner, John James","Doerner, John James",-,Man
52746,"Greene, Christopher","Greene, Christopher (1737-1781)",1737-1781,Man
54427,"La Radière, Louis-Guillaume-Servais des Hayes de","La Radière, Louis-Guillaume-Servais des Hayes de (1744-1779)",1744-1779,Man
55540,"McNeill, Hector","McNeill, Hector (1728-1785)",1728-1785,Man
258749,"King, John","King, John (of Petersburg, Va.)",-,Man
52246,"Frazer, Persifor","Frazer, Persifor (1736-1792)",1736-1792,Man
54557,"Lee, Henry","Lee, Henry (1756-1818)",1756-1818,Man
56987,"Potter, James","Potter, James (1729-1789)",1729-1789,Man
49479,"Bradford, William, Sr.","Bradford, William, Sr. (1721-1791)",1721-1791,Man
53930,"Jameson, John","Jameson, John (1752-1810)",1751-1810,Man
RN-PER-0174,,,,
264943,"Nelson, Lucy Chiswell","Nelson, Lucy Chiswell (1752-1810, Mrs. William Nelson)",1752-1810,Woman
348179,"Deschamps, Pierre","Deschamps, Pierre",-,Man
54363,"Lafayette, Marie-Joseph-Paul-Yves-Roch-Gilbert du Motier, marquis de","Lafayette, Marie-Joseph-Paul-Yves-Roch-Gilbert du Motier, marquis de (1757-1834)",1757-1834,Man
RN-ORG-0400,,,,
48492,"Angell, Israel","Angell, Israel (1740-1832)",1740-1832,Man
51879,"Eyre, Benjamin George","Eyre, Benjamin George (1747-1789)",1747-1789,Man
267980,"Rolandeau, Louis François","Rolandeau, Louis François (ex-prisoner)",1750-1795,Man
52762,"Green, John","Green, John (1730-1793)",1730-1793,Man
348407,"Elmsly, Peter","Elmsly, Peter",1736-1802,Man
RN-PER-0412,,,,
275953,"Welsh, John","Welsh, John (ex-prisoner)",-,Man
349020,"Hirschberg, Charles de","Hirschberg, Charles de",-,Man
48756,"Ballard, Robert","Ballard, Robert (1742-1793)",1742-1793,Man
49255,"Blewer, Joseph","Blewer, Joseph (1734-1789)",1734-1789,Man
60016,"Wilkinson, James","Wilkinson, James (1757-1825)",1757-1825,Man
48639,"Austin, Benjamin","Austin, Benjamin (1716-1806)",1716-1806,Man
RN-ORG-0026,,,,
RN-ORG-0046,,,,
57471,"Robinson, Isaiah","Robinson, Isaiah (d. 1781)",-1781,Man
50559,"Clymer, Daniel Cunyngham","Clymer, Daniel Cunyngham (1748-1810)",1748-1810,Man
347127,"Alexandre d'Hanache, Hugues-Barthélemy, marquis","Alexandre d'Hanache, Hugues-Barthélemy, marquis",1739-,Man
57792,"Sayre, Stephen","Sayre, Stephen (1736-1818)",1736-1818,Man
347142,"Ameloo, Anthony","Ameloo, Anthony",-,Man
51537,"Dubbeldemuts, Franco","Dubbeldemuts, Franco",-,Man
61300,"Dubbeldemuts, Adrianus","Dubbeldemuts, Adrianus",-,Man
RN-PER-0813,,,,
277865,"Wendell, John","Wendell, John (1731-1808)",1731-1808,Man
RN-ORG-0134,,,,
58251,"Smith, Samuel Stanhope","Smith, Samuel Stanhope (1751-1819)",1751-1819,Man
49777,"Buffon, Georges-Louis Leclerc, Comte de","Buffon, Georges-Louis Leclerc, Comte de (1707-1788)",1707-1788,Man
348778,"Gorjy, Jean-Claude","Gorjy, Jean-Claude",1753-1795,Man
60582,"Holker, John","Holker, John (Jean) (1745-1822)",1745-1822,Man
54349,"Labilliere, Peter","Labilliere, Peter (1725-1800)",1725-1800,Man
350858,"Theobald, James","Theobald, James",-,Man
238879,"Adams, Peter","Adams, Peter (b. 1700, cousin of Deacon John Adams)",1700-,Man
50866,"Craig, Charles","Craig, Charles (1728-1782)",1728-1782,Man
56951,"Pope, Charles","Pope, Charles (1748-1803)",1748-1803,Man
57250,"Read, George","Read, George (1733-1798)",1733-1798,Man
59585,"Warner, Jonathan","Warner, Jonathan (1744-1803)",1744-1803,Man
49222,"Blaine, Ephraim","Blaine, Ephraim (1741-1804)",1741-1804,Man
240224,"Babson, James","Babson, James (1743-1790, captain, of the Phoenix)",1743-1790,Man
241435,"Bertini, Domenico","Bertini, Domenico",-,Man
52105,"Fleury, François-Louis Teissèdre de","Fleury, François-Louis Teissèdre de (1749-1799)",1749-1799,Man
60383,"Zedwitz, Herman","Zedwitz, Herman",-,Man
53575,"Hopkinson, Francis","Hopkinson, Francis (1737-1791)",1737-1791,Man
347333,"Baÿ, Jacques J. de","Baÿ, Jacques J. de",-,Man
349140,"Johnson, Martha Harris","Johnson, Martha Harris",-,Woman
57180,"Randolph, Benjamin","Randolph, Benjamin (1721-1791)",1721-1791,Man
53666,"Hubley, Adam, Jr.","Hubley, Adam, Jr. (1744-1793)",1744-1793,Man
53298,"Heer, Bartholomew von","Heer, Bartholomew von",-,Man
54156,"Kalb, Johann","Kalb, Johann (Jean) von Robais, Baron de (1721-1780)",1721-1780,Man
53590,"Horry, Daniel, Jr.","Horry, Daniel, Jr. (d. 1785)",1737-1785,Man
RN-BUS-0075,,,,
57985,"Shepard, William","Shepard, William (1737-1817, of Mass)",1737-1817,Man
58244,"Smith, Robert","Smith, Robert (1733-1787, of York Co., Va.)",1733-1787,Man
RN-ORG-0219,,,,
57864,"Searle, James","Searle, James (1730-1797)",1730-1797,Man
RN-ORG-0362,,,,
RN-ORG-0321,,,,
58548,"Stewart, John","Stewart, John (1736-1806)",1736-1806,Man
54819,"Ridley, Catharine Wilhelmina Livingston","Ridley, Catharine Wilhelmina Livingston (1751-1813)",1751-1813,Woman
275309,"Vail, Edward, Sr.","Vail, Edward, Sr. (1717-1777)",1717-1777,Man
59879,"Wharton, John","Wharton, John (c. 1732-1799)",1732-1799,Man
52670,"Grand, Henri Maximilien","Grand, Henri Maximilien (1757-1827)",1757-1827,Man
50211,"Caswell, Richard","Caswell, Richard (1729-1789)",1729-1789,Man
RN-PER-0117,,,,
55605,"Mentges, Francis","Mentges, Francis (1745-1805)",1745-1805,Man
RN-PER-0677,,,,
244274,"Chipman, Judge Ward","Chipman, Judge Ward (1754-1824)",1754-1824,Man
49665,"Browne, Montfort","Browne, Montfort",-,Man
350189,"Peltier-Dudoyer, Jean","Peltier-Dudoyer, Jean",-,Man
60356,"Young, John","Young, John (1757-1794)",1757-1794,Man
57592,"Ross, John","Ross, John (1752-1796)",1752-1796,Man
RN-PER-0274,,,,
51872,"Ewing, George","Ewing, George (c.1737-1785)",1737-1785,Man
128916,"Shippen, William, Sr.","Shippen, William, Sr. (1712-1801)",1712-1801,Man
RN-ORG-0008,,,,
RN-ORG-0151,,,,
349006,"Hevin de Navarre, A.-M.","Hevin de Navarre, A.-M.",-,Man
350641,"Seyffertitz, François-Antoine de","Seyffertitz, François-Antoine de",-,Man
51356,"Dewees, William, Jr.","Dewees, William, Jr. (b. 1739)",1739-,Man
349222,"Kéralio, Agathon Guynement, chevalier de","Kéralio, Agathon Guynement, chevalier de",1723-1788,Man
348473,"Faudoas, -- Boulainvilliers, vicomtesse de","Faudoas, -- Boulainvilliers, vicomtesse de",-,Woman
299691,"Gibson, John","Gibson, John (1729-1782)",1729-1782,Man
RN-PER-0560,,,,
49383,"Bourne, Shearjashub","Bourne, Shearjashub (1746-1806)",1746-1806,Man
242447,"Beaumarchais, Pierre Augustin Caron de","Beaumarchais, Pierre Augustin Caron de (1732-1799)",1732-1799,Man
RN-BUS-0033,,,,
348925,"Hammond, Joseph","Hammond, Joseph",-,Man
349948,"Moran, William","Moran, William",-,Man
58504,"Steuben, Friedrich Wilhelm Ludolf Gerhard Augustin, Baron [von]","Steuben, Friedrich Wilhelm Ludolf Gerhard Augustin, Baron [von] (1730-1794)",1730-1794,Man
51700,"Edwards, Enoch","Edwards, Enoch (1751-1802)",1751-1802,Man
348784,"Goudeman, --","Goudeman, --",-,Man
RN-PER-0478,,,,
303653,"Thurston, John","Thurston, John",-,Man
347481,"Blin, Mr.","Blin, Mr.",-,Man
RN-ORG-0109,,,,
347983,"Cooper, Sir Grey","Cooper, Sir Grey",1726-1801,Man
57718,"Montmorin de Saint-Hérem, Armand-Marc, comte de","Montmorin de Saint-Hérem, Armand-Marc, comte de (1745-1792)",1745-1792,Man
347401,"Berington, Joseph","Berington, Joseph",1746-1827,Man
58002,"Sherman, Isaac","Sherman, Isaac (1753-1819)",1753-1819,Man
350217,"Peuch, Claude-Isaac","Peuch, Claude-Isaac",-,Man
RN-PER-0172,,,,
RN-PER-0833,,,,
56806,"Phillips, William","Phillips, William (1731-1781)",1731-1781,Man
48371,"Alexander, Morgan","Alexander, Morgan (1746-1783)",1746-1783,Man
RN-PER-0230,,,,
52867,"Gunby, John","Gunby, John (1745-1807)",1745-1807,Man
51254,"Deane, Simeon","Deane, Simeon (1750-1788)",1750-1788,Man
56997,"Potts, John","Potts, John (1738-1810)",1738-1810,Man
57804,"Scheffer, Franziscus","Scheffer, Franziscus",-,Man
59908,"Whitaker, Nathaniel","Whitaker, Nathaniel (1732-1795)",1732-1795,Man
365583,"Hayes, W.","Hayes, W. (of Paris, France)",-,Man
RN-ORG-0353,,,,
RN-ORG-0133,,,,
51498,"Dow, Alexander","Dow, Alexander (captain-lieutenant)",-,Man
347258,"Ballainvilliers, Simon-Charles, baron de","Ballainvilliers, Simon-Charles, baron de (1760-1835)",1760-1835,Man
350834,"Tavarez, Daniel Nunez de","Tavarez, Daniel Nunez de",1752-,Man
56412,"Otis, Samuel Allyne","Otis, Samuel Allyne (1740-1814)",1740-1814,Man
347322,"Baudouin, --","Baudouin, --",-,Man
275905,"Webb, Benjamin","Webb, Benjamin",-,Man
RN-PER-0795,,,,
260222,"Lacépède, Bernard Germain Étienne de La Ville-Sur-Illon, comte de","Lacépède, Bernard Germain Étienne de La Ville-Sur-Illon, comte de (1756-1825)",1756-1825,Man
RN-BUS-0055,,,,
RN-PER-0495,,,,
270489,"Scull, Peter","Scull, Peter (1753-1779)",1753-1779,Man
348964,"Haudouin, Chevalier d'","Haudouin, Chevalier d'",-,Man
56025,"Moylan, James","Moylan, James (1750-1784)",1750-1784,Man
350232,"Pichler, Carl Joseph von","Pichler, Carl Joseph von",-,Man
49200,"Blackden, Samuel","Blackden, Samuel (d. 1780)",-1780,Man
RN-ORG-0235,,,,
244240,"Chase, Joseph","Chase, Joseph (captain)",-,Man
349165,"Julien, Claude","Julien, Claude",-,Man
RN-PER-0743,,,,
RN-PER-0679,,,,
348571,"Foucault, Marie-Elisabeth ""Elise"" Le Ray de Chaumont","Foucault, Marie-Elisabeth ""Elise"" Le Ray de Chaumont",-,Woman
RN-PER-0619,,,,
275587,"Van der Capellen tot den Pol, Joan Derk, baron","Van der Capellen tot den Pol, Joan Derk, baron (1741-1784)",1741-1784,Woman
52432,"Genet, Edmé Jacques","Genet, Edmé Jacques (1726-1781)",1726-1781,Man
146332,"Grand, Marie Silvestre","Grand, Marie Silvestre (1721-1793)",1721-1793,Woman
RN-ORG-0323,,,,
347797,"Catani, Francesco Maria Xaverio","Catani, Francesco Maria Xaverio",1755-1789,Man
49540,"Brent, William","Brent, William (1733-1782)",1733-1782,Man
53567,"Hopkins, David","Hopkins, David (1753-1824)",1753-1824,Man
319206,"Innes, James","Innes, James (runaway)",1726-,Man
RN-ORG-0412,,,,
51289,"De Lancey, James","De Lancey, James (1732-1800)",1732-1800,Man
50463,"Clark, George Rogers","Clark, George Rogers (1752-1818)",1752-1818,Man
50723,"Conyngham, Gustavus","Conyngham, Gustavus (1744-1819)",1744-1819,Man
252462,"Gibbes, Philip","Gibbes, Philip (1731-1815)",1731-1815,Man
59181,"Tufts, Samuel","Tufts, Samuel (1735-1799)",1735-1799,Man
278123,"Watson, Marston","Watson, Marston",-,Man
51691,"Eden, William","Eden, William (1744-1814)",1744-1814,Man
57102,"Purviance, Robert","Purviance, Robert (1733-1806)",1733-1806,Man
256369,"Harmanson, John","Harmanson, John (1730-1787)",1730-1787,Man
298630,"Blakey, William","Blakey, William (1739-1822)",1739-1822,Man
347948,"Collas, Jane Mecom","Collas, Jane Mecom",1745-1802,Woman
RN-ORG-0232,,,,
348781,"Gosuin, Jean","Gosuin, Jean",1746-1808,Man
54698,"Lewis, George","Lewis, George (1757–1821)",1757-1821,Man
57383,"Riedesel, Friedrich Adolph von","Riedesel, Friedrich Adolph von (1738-1800)",1738-1800,Man
265622,"Pickering, John, Jr.","Pickering, John, Jr. (of Salem, Mass.)",-,Man
51763,"Ellis, Joseph","Ellis, Joseph (1739-1796)",1739-1796,Man
RN-ORG-0274,,,,
58558,"Stewart, Walter","Stewart, Walter (1756-1796)",1756-1796,Man
RN-BUS-0028,,,,
348796,"Graffenried, Karl Emanuel","Graffenried, Karl Emanuel",1732-1780,Man
RN-PER-0332,,,,
350820,"Taboureau de Villepatour, Louis-Philippe","Taboureau de Villepatour, Louis-Philippe",1719-1781,Man
53864,"Izard, Alice De Lancey","Izard, Alice De Lancey (1745-1832)",1745-1832,Woman
52326,"Galbraith, Bartrem","Galbraith, Bartrem (1738-1804)",1738-1804,Man
54334,"Kosciuszko, Tadeusz Andrzej Bonawentura","Kosciuszko, Tadeusz Andrzej Bonawentura (1746-1817)",1746-1817,Man
RN-PER-0633,,,,
RN-PER-0088,,,,
56581,"Patterson, William","Patterson, William (1737-1782)",1737-1782,Man
244418,"Coffyn, Francis","Coffyn, Francis (U.S. agent at Dunkerque)",-,Man
249768,"Emery, John","Emery, John (of Bilbao)",-,Man
350473,"Rogler, Johann Bartholomäus","Rogler, Johann Bartholomäus",1728-1791,Man
350537,"Rutledge, James","Rutledge, James (sir)",1743-1794,Man
54210,"Kennedy, Archibald, Jr.","Kennedy, Archibald, Jr. (1723-1794)",1723-1794,Man
RN-ORG-0291,,,,
54352,"Lacey, John, Jr.","Lacey, John, Jr. (1755-1814)",1755-1814,Man
RN-PER-0604,,,,
51740,"Ellery, William","Ellery, William (1727-1820)",1727-1820,Man
271736,"Shore, Thomas","Shore, Thomas",-1803,Man
347186,"Argenson, Marc-René, marquis d'","Argenson, Marc-René, marquis d'",1722-1782,Man
249784,"Eon de Beaumont, Charles-Geneviève-Louise-Auguste-André-Timothée, ""chevalière"" d'","Eon de Beaumont, Charles-Geneviève-Louise-Auguste-André-Timothée, ""chevalière"" d'",1728-1810,Man
351029,"Dufourny de Villiers, Louis-Pierre","Dufourny de Villiers, Louis-Pierre",-,Man
348611,"Franval, Mr. de","Franval, Mr. de",-,Man
58286,"Smith, William Stephens","Smith, William Stephens (1755-1816)",1755-1816,Man
271933,"Smyth, Thomas, Jr.","Smyth, Thomas, Jr.",1757-1807,Man
348645,"Gain de Montagnac, Louis-Laurent-Joseph de","Gain de Montagnac, Louis-Laurent-Joseph de",1731-1780,Man
58843,"Taylor, John","Taylor, John (1751-1801)",1751-1801,Man
348119,"Davies, Cecilia","Davies, Cecilia",1750-,Woman
56294,"Nourse, James","Nourse, James (1731-1784)",1731-1784,Man
59915,"White, Alexander","White, Alexander (1738-1804)",1738-1804,Man
59767,"Webb, Joseph, Jr.","Webb, Joseph, Jr. (1749-1815)",1749-1815,Man
347412,"Berny, Pierre-Jean-Paul, chevalier de","Berny, Pierre-Jean-Paul, chevalier de",1722-1779,Man
RN-PER-0485,,,,
58121,"Slaughter, George","Slaughter, George (1739-1818)",1739-1818,Man
RN-ORG-0104,,,,
RN-ORG-0364,,,,
349971,"Mostowski, ""Prince"" Paul Michael","Mostowski, ""Prince"" Paul Michael",1721-1781,Man
347697,"Butot, Lucas","Butot, Lucas",-,Man
348587,"Fournier, Simon-Pierre","Fournier, Simon-Pierre (le jeune; son of Pierre-Simon)",-,Man
365573,"Hartley, Samuel","Hartley, Samuel (of London, England)",-,Man
RN-ORG-0283,,,,
258842,"La Plaigne, Emmanuel Pierre de","La Plaigne, Emmanuel Pierre de (captain, ex-prisoner)",-,Man
50682,"Colt, Peter","Colt, Peter (1744-1824)",1744-1824,Man
RN-ORG-0117,,,,
347692,"Butel-Du Mont, Georges-Marie","Butel-Du Mont, Georges-Marie",1723-1788,Man
56251,"Nixon, John","Nixon, John (1733-1808)",1733-1808,Man
RN-ORG-0072,,,,
350821,"Tackoen, G.","Tackoen, G.",-,Man
351118,"Wilbraham, Roger","Wilbraham, Roger",1743-1829,Man
58081,"Simpson, Southy","Simpson, Southy (1725-1779)",1725-1779,Man
247660,"Deane, Barnabas","Deane, Barnabas (1743-1794, brother of Silas)",1743-1794,Man
RN-ORG-0107,,,,
349177,"Kamm, Phillipp Jacques","Kamm, Phillipp Jacques",-,Man
350853,"Teylingen, Isaac van","Teylingen, Isaac van",-,Man
53186,"Haskell, Henry","Haskell, Henry (1738-1807)",1738-1807,Man
54718,"Lewis, Morgan","Lewis, Morgan (1754-1844)",1754-1844,Man
RN-ORG-0199,,,,
50184,"Cartwright, Thomas","Cartwright, Thomas (c.1753-1783)",1753-1783,Man
50608,"Cogswell, Thomas","Cogswell, Thomas (1746-1810)",1746-1810,Man
53549,"Hooper, Robert Lettis, Jr.","Hooper, Robert Lettis, Jr. (1730-1797)",1730-1797,Man
RN-PER-0056,,,,
50681,"Colston, Rawleigh","Colston, Rawleigh (1749-1823)",1749-1823,Man
350445,"Roberdeau, Jacques-Dominique de","Roberdeau, Jacques-Dominique de",1717-,Man
RN-PER-0643,,,,
349421,"Le Blanc, Jacques Robert","Le Blanc, Jacques Robert",1731-,Man
244533,"Courter, Harmon","Courter, Harmon (captain)",-,Man
RN-ORG-0179,,,,
RN-ORG-0264,,,,
56553,"Parsons, William","Parsons, William (1760-1829)",1760-1829,Man
RN-PER-0148,,,,
349874,"Millin de La Brosse, Claude-Valentin","Millin de La Brosse, Claude-Valentin",-,Man
58871,"Temple, Benjamin","Temple, Benjamin (1734-1802)",1734-1802,Man
58611,"Storer, Hannah Quincy Lincoln","Storer, Hannah Quincy Lincoln (1736-1826)",1736-1826,Woman
350946,"Turgot, Etienne-François, marquis de Sousmont","Turgot, Etienne-François, marquis de Sousmont",1721-1789,Man
57675,"Russell, William","Russell, William (1735-1793)",1735-1793,Man
55311,"Matlack, Timothy","Matlack, Timothy (1736-1829)",1736-1829,Man
349823,"Melfort, Marie de Berenger, duchesse douairière de","Melfort, Marie de Berenger, duchesse douairière de",1728-,Woman
48878,"Barry, John","Barry, John (1745-1803, captain)",1745-1803,Man
50816,"Cottineau de Kerloguen, Denis-Nicolas","Cottineau de Kerloguen, Denis-Nicolas (1745-1808)",1745-1808,Man
349179,"Keay, Philip","Keay, Philip",-,Man
304786,"Cambray-Digby, Louis Antoine Jean Baptiste, chevalier de","Cambray-Digby, Louis Antoine Jean Baptiste, chevalier de (1751-1822)",1751-1822,Man
50266,"Chambers, Stephen","Chambers, Stephen (1753-1789)",1753-1789,Man
50274,"Champion, Henry, Sr.","Champion, Henry, Sr. (1723-1797)",1723-1797,Man
RN-ORG-0220,,,,
55805,"Montgomerie, Thomas","Montgomerie, Thomas (1746-1792)",1746-1792,Man
58066,Simonds,"Simonds (Symonds, Simmons), Jonas (d. 1816)",-1816,Man
347713,"Bérenger, Jean-Pierre","Bérenger, Jean-Pierre",1737-1807,Man
55562,"Meade, Richard Kidder","Meade, Richard Kidder (1746-1805)",1746-1805,Man
49165,"Bigelow, Timothy","Bigelow, Timothy (1739-1790)",1739-1790,Man
50808,"Coryell, John","Coryell, John (1730-1799)",1730-1799,Man
351106,"Whitchurch, William","Whitchurch, William",-,Man
350372,"Raudière, J.-D. Ramier de","Raudière, J.-D. Ramier de",-,Man
264500,"Nagel, George","Nagel, George (1728-1789)",1728-1789,Man
241160,"Bartlett, Samuel","Bartlett, Samuel",-,Man
56534,"Parks, Warham","Parks, Warham (1752-1801)",1752-1801,Man
59432,"Vose, Joseph","Vose, Joseph (1738-1816)",1738-1816,Man
RN-PER-0401,,,,
59398,"Vernon, William, Jr.","Vernon, William, Jr. (1759-1833)",1759-1833,Man
49894,"Butler, Anthony","Butler, Anthony (1758-1820)",1758-1820,Man
RN-ORG-0230,,,,
54251,"Kilgore, David","Kilgore, David (1745-1814)",1745-1814,Man
52156,"Forrest, Thomas","Forrest, Thomas (c. 1729-c. 1802)",1729-1802,Man
56122,"Navarro, Diego Joseph","Navarro, Diego Joseph (1708-1784, Diego José Navarro García de Valladares)",1708-1784,Man
59721,"Watkins, Joseph","Watkins, Joseph",-,Man
RN-ORG-0081,,,,
51856,"Evans, Israel","Evans, Israel (1747-1807, of Tredyffin, Penn.)",1747-1807,Man
54996,"Lux, George","Lux, George (1753-1797)",1753-1797,Man
263700,"Martin, Samuel","Martin, Samuel",-,Man
350824,"Taillet, Philippe","Taillet, Philippe",-,Man
348762,"Godet, Henricus","Godet, Henricus",-,Man
RN-PER-0796,,,,
53613,"Houstoun, John","Houstoun, John (1744-1796)",1744-1796,Man
50893,"Crane, John","Crane, John (1744–1805)",1744-1805,Man
RN-BUS-0051,,,,
51662,"Dwight, Timothy","Dwight, Timothy (1752-1817)",1752-1817,Man
57083,"Proctor, Thomas","Proctor, Thomas (1739-1806)",1739-1806,Man
52276,"French, Samuel","French, Samuel (of Mass.)",-,Man
RN-ORG-0324,,,,
57881,"Seely, Silvanus","Seely, Silvanus (1745-1821, Sylvanus)",1745-1821,Man
RN-PER-0754,,,,
RN-PER-0445,,,,
348449,"Ewing, Alexander","Ewing, Alexander",-,Man
50252,"Chaloner, John","Chaloner, John (1748-1793)",1748-1793,Man
54682,"Lewis, Charles","Lewis, Charles (1696-1779)",1696-1779,Man
59215,"Turner, Thomas","Turner, Thomas (1751-1787)",1751-1787,Man
RN-PER-0333,,,,
51484,"Doughty, John","Doughty, John (1754-1826)",1754-1826,Man
50493,"Clark, Thomas","Clark, Thomas (1741-1792)",1741-1792,Man
57579,"Ross, David","Ross, David (1736-1817)",1736-1817,Man
57290,"Regnier de Roussi, Pierre","Regnier de Roussi, Pierre (d. 1810)",-1810,Man
347905,"Civrac, Marie-Anne de La Faurie de Monbadon, duchesse de","Civrac, Marie-Anne de La Faurie de Monbadon, duchesse de",1720-1786,Woman
60283,"Wren, Thomas","Wren, Thomas (1725-1787)",1725-1787,Man
51838,"Ettwein, John","Ettwein, John (1721-1802)",1721-1802,Man
RN-PER-0516,,,,
57095,"Pulteney, William Johnstone","Pulteney, William Johnstone (1729-1805)",1729-1805,Man
52954,"Hall, Josias Carvil","Hall, Josias Carvil (1746-1814)",1746-1814,Man
54200,"Kemper, Daniel","Kemper, Daniel (1749-1847)",1749-1847,Man
348185,"Desglanières, Richard","Desglanières, Richard",-,Man
301666,"Johnstone (Johnston), John","Johnstone (Johnston), John",-,Man
RN-PER-0002,,,,
50244,"Chace, William","Chace, William",-,Man
RN-ORG-0078,,,,
48988,"Beall, Isaac","Beall, Isaac (1750-1779)",1750-1779,Man
51143,"Darrow, Christopher","Darrow, Christopher (b. 1721)",1721-,Man
56678,"Pemberton, Mary Stanbury Hill Jordan","Pemberton, Mary Stanbury Hill Jordan (1704-1778)",1704-1778,Woman
56349,"O'Hara, Charles","O'Hara, Charles (1740-1802)",1740-1802,Man
558474,,,,
52083,"Fitzpatrick, Richard","Fitzpatrick, Richard (1748-1813)",1748-1813,Man
RN-PER-0777,,,,
349602,"Low, Thomas Pearson","Low, Thomas Pearson",-,Man
264676,"Noel, John Young","Noel, John Young (1762-1817)",1762-1817,Man
58474,"Stephens, Humphrey","Stephens, Humphrey",-,Man
RN-PER-0290,,,,
55554,"McWilliams, William","McWilliams, William (1751-1799)",1751-1799,Man
RN-PER-0096,,,,
57380,"Ridley, Matthew","Ridley, Matthew (1746-1789)",1746-1789,Man
RN-ORG-0217,,,,
263117,"Montgomery, Robert","Montgomery, Robert",-,Man
347638,"Brongniart, Antoine-Louis","Brongniart, Antoine-Louis",1742-1804,Man
347984,"Cooper, William, Jr.","Cooper, William, Jr.",1750-1788,Man
142060,"Livingston, Musco","Livingston, Musco (d. 1798, Muscoe)",-1798,Man
52025,"Finnie, William","Finnie, William (1739-1804)",1739-1804,Man
261194,"McIntosh, Peter","McIntosh, Peter",-,Man
RN-PER-0016,,,,
RN-ORG-0342,,,,
RN-PER-0151,,,,
49827,"Burnaby, Andrew","Burnaby, Andrew (1732-1812)",1732-1812,Man
57706,"Ryan, Michael","Ryan, Michael (1751-1791)",1751-1791,Man
59764,"Webb, Grace Gilbert","Webb, Grace Gilbert (1736-1820)",1736-1820,Woman
RN-GRP-0001,,,,
348886,"Guillaud, Claud","Guillaud, Claud",-,Man
RN-PER-0411,,,,
54027,"Johnson, Obadiah","Johnson, Obadiah (1736-1801)",1736-1801,Man
56901,"Poellnitz, Friedrich Charles Hans Bruno, Baron von","Poellnitz, Friedrich Charles Hans Bruno, Baron von (1734-1801)",1734-1801,Man
244200,"Champagne, J. C.","Champagne, J. C. (ship broker at Blaye, France)",-,Man
245871,"Caillé, Étienne D'Audibert","Caillé, Étienne D'Audibert",-,Man
52426,"Gellée, Nicolas Maurice","Gellée, Nicolas Maurice (b. 1759)",1759-,Man
349324,"Lafreté, Jean-Jacques de","Lafreté, Jean-Jacques de",-,Man
349323,"Lafreté, Angélique-Michèle-Rosalie Jogues de Martinville","Lafreté, Angélique-Michèle-Rosalie Jogues de Martinville",-1790,Woman
258357,"Kip, Richard, Jr.","Kip, Richard, Jr.",-,Man
51478,"Dorsey, Richard","Dorsey, Richard (1754-1829)",1754-1829,Man
48785,"Banister, John","Banister, John (1745-1807)",1745-1807,Man
49070,"Belton, Joseph","Belton, Joseph",-,Man
59154,"Tryon, William","Tryon, William (1729-1788)",1729-1788,Man
347492,"Boeckmann, Johann Lorenz","Boeckmann, Johann Lorenz",1741-1802,Man
275656,"Van Schaack, Peter","Van Schaack, Peter (1747-1832)",1747-1832,Man
350928,"Tronsson Desjardins, --","Tronsson Desjardins, --",-,Man
51517,"Drayton, William Henry","Drayton, William Henry (1742-1779)",1742-1779,Man
255978,"Huntington, Samuel","Huntington, Samuel (1731-1796)",1731-1796,Man
349623,"Luther, John","Luther, John",-,Man
347414,"Bersolle, Emmanuel-Yves","Bersolle, Emmanuel-Yves",1750-1812,Man
RN-PER-0287,,,,
59376,"Vaughan, John","Vaughan, John (1756-1841)",1756-1841,Man
RN-PER-0420,,,,
348529,"Flavigny, Sophie-Elisabeth Huguenin Dumatin, vicomtesse de","Flavigny, Sophie-Elisabeth Huguenin Dumatin, vicomtesse de",1746-,Woman
349093,"Islé de Lamothe, --","Islé de Lamothe, --",-1778,Man
RN-PER-0402,,,,
RN-ORG-0212,,,,
57770,"Sartine, Antoine Raymond Jean Gualbert Gabriel [de]","Sartine, Antoine Raymond Jean Gualbert Gabriel [de] (1729-1801)",1729-1801,Man
57075,"Pringle, John Julius","Pringle, John Julius (1753-1843, of SC)",1753-1843,Man
RN-PER-0065,,,,
RN-PER-0009,,,,
50829,"Courtis, William","Courtis, William (1748-1802)",1748-1802,Man
56926,"Pollock, Oliver","Pollock, Oliver (1737-1823)",1737-1823,Man
RN-PER-0391,,,,
251999,"Gantier, John Guy","Gantier, John Guy",-,Man
347329,"Bayard, François-Louis","Bayard, François-Louis",1748-1814,Man
347524,"Borel, Antoine","Borel, Antoine",1743-,Man
240761,"Brillon de Jouy, Jacques","Brillon de Jouy, Jacques (1720-1787)",1720-1787,Man
348509,"Fichet, Joseph","Fichet, Joseph",-,Man
272679,"Seaward, John","Seaward, John",-,Man
58410,Stadler,"Stadler (Stedler), John Gaspar (d. 1799)",-1799,Man
238829,"Adam, Mr.","Adam, Mr.",-,Man
247800,"Dowse, Nathaniel","Dowse, Nathaniel (captain, ex-prisoner)",-,Man
348703,"Gellée, Joseph","Gellée, Joseph",1728-1802,Man
50701,"Conner, Morgan","Conner, Morgan (d. 1780)",-1780,Man
56232,"Nichols, William","Nichols, William (US Soldier; 1754-1804)",1754-1804,Man
267732,"Quétant, Antoine François","Quétant, Antoine François (1733-1823)",1733-1823,Man
53817,"Hyslop, William","Hyslop, William (1714-1796)",1714-1796,Man
269954,"Simpson, Thomas","Simpson, Thomas (lieutenant)",-1784,Man
348760,"Gléyo La Chesnaÿe, Charles","Gléyo La Chesnaÿe, Charles",-,Man
350544,"Rïou, Pierre","Rïou, Pierre",-,Man
RN-BUS-0031,,,,
54592,"Lee, Thomas Sim","Lee, Thomas Sim (1745-1819)",1745-1819,Man
RN-PER-0680,,,,
349344,"Lameth, Marie-Thérèse de Broglie, comtesse de","Lameth, Marie-Thérèse de Broglie, comtesse de",-,Woman
52220,"Francy, Jean-Baptiste-Lazare Théveneau [de]","Francy, Jean-Baptiste-Lazare Théveneau [de] (d. 1783)",-1783,Man
258899,"Lataque, M. de","Lataque, M. de (of Bordeaux)",-,Man
51241,"Day, Benjamin","Day, Benjamin (1752-1821)",1752-1821,Man
54490,"Lawrence, Jonathan","Lawrence, Jonathan (1737-1812)",1737-1812,Man
347538,"Bouffé, Gabriel","Bouffé, Gabriel",-,Man
RN-PER-0418,,,,
59479,"Waldo, Joseph","Waldo, Joseph (1722-1816)",1722-1816,Man
49507,"Brattle, Thomas","Brattle, Thomas (1742-1801)",1742-1801,Man
55247,"Martin, Thomas Bryan","Martin, Thomas Bryan (1731-1798)",1731-1798,Man
53348,"Henry, William","Henry, William (1729-1786)",1729-1786,Man
54474,"La Vauguyon, Paul-François de Quélen de Stuer de Caussade, duc de","La Vauguyon, Paul-François de Quélen de Stuer de Caussade, duc de (1746-1828)",1746-1828,Man
RN-ORG-0019,,,,
254419,"Hutson, Richard","Hutson, Richard (1748-1795)",1748-1795,Man
48324,"Adams, Thomas","Adams, Thomas (1757-1799, Boston printer)",1757-1799,Man
RN-PER-0479,,,,
238966,"Amiel, Charlotte","Amiel, Charlotte (wife of Peter)",-,Woman
48461,"Amiel, Peter","Amiel, Peter (b. 1749)",1749-,Man
RN-PER-0374,,,,
238916,"Alagnac, M. d'","Alagnac, M. d'",-,Man
RN-PER-0246,,,,
270158,"Stenger, Christian","Stenger, Christian",-,Man
270235,"Straughan, William","Straughan, William",-,Man
RN-PER-0413,,,,
49728,"Bryan, George","Bryan, George (1731-1791)",1731-1791,Man
242352,"Barclay, John","Barclay, John (1749-1824)",1749-1824,Man
58878,"Ten Broeck, Abraham","Ten Broeck, Abraham (1734-1810)",1734-1810,Man
365793,"Yates, William, Jr.","Yates, William, Jr.",-,Man
RN-PER-0486,,,,
349530,"Leveux, Jacques","Leveux, Jacques",1745-1816,Man
54361,"Lafayette, Marie-Adrienne-Françoise de Noailles, marquise de","Lafayette, Marie-Adrienne-Françoise de Noailles, marquise de (1759-1807)",1759-1807,Woman
58438,"Stark, John","Stark, John (1728-1822)",1728-1822,Man
48381,"Allaire, Peter","Allaire, Peter (1742-1820)",1742-1820,Man
347160,"Anisson-Duperon, Etienne-Alexandre-Jacques, fils","Anisson-Duperon, Etienne-Alexandre-Jacques, fils",1749-1794,Man
RN-ORG-0216,,,,
50553,"Clough, Alexander","Clough, Alexander (d. 1778)",-1778,Man
RN-BUS-0038,,,,
58331,"Southwick, Solomon","Southwick, Solomon (1731-1797)",1731-1797,Man
269856,"Serre, Henri","Serre, Henri",-,Man
56513,"Parker, Josiah","Parker, Josiah (1751-1810)",1751-1810,Man
343936,"Hall, Elijah","Hall, Elijah (c. 1743-1830)",1742-1830,Man
244609,"Cullown, David","Cullown, David (master of the Ranger)",-,Man
252220,"Green, Ezra","Green, Ezra (surgeon of the Ranger)",-,Man
50544,"Clinton, Henry","Clinton, Henry (1730-1795)",1730-1795,Man
50889,"Cranch, William","Cranch, William (1769-1855)",1769-1855,Man
RN-PER-0530,,,,
59902,"Whipple, Abraham","Whipple, Abraham (1733-1819)",1733-1819,Man
52770,"Greenleaf, Lucy Cranch","Greenleaf, Lucy Cranch (1767-1846)",1767-1846,Woman
241850,"Brétigney, Charles François Sevelinges, marquis de","Brétigney, Charles François Sevelinges, marquis de (1754-1793)",1754-1793,Man
RN-PER-0705,,,,
350460,"Rochefermoy, Mathieu de","Rochefermoy, Mathieu de",1755-,Man
RN-PER-0615,,,,
348479,"Fautrel, Nicolas","Fautrel, Nicolas",1721-1790,Man
58586,"Stockton, Samuel Witham","Stockton, Samuel Witham (1751-1795)",1751-1795,Man
52018,"Finley, John","Finley, John (1748-1837)",1748-1837,Man
RN-PER-0262,,,,
57857,"Scull, William","Scull, William (1739-1784)",1739-1784,Man
349086,"Hüpsch, Johann Wilhelm Karl Adolph, Baron von","Hüpsch, Johann Wilhelm Karl Adolph, Baron von",1730-1805,Man
247711,"Deshon, John","Deshon, John (1727-1794, member of Navy Board at Boston)",1727-1794,Man
RN-ORG-0365,,,,
320314,"Williams, William","Williams, William (runaway sailor, b. c. 1752)",1752-,Man
RN-BUS-0061,,,,
51975,"Ferguson, Adam","Ferguson, Adam (1723-1816)",1723-1816,Man
54048,"Johnston, John","Johnston, John (1753-1818)",1753-1818,Man
53333,"Henley, Samuel","Henley, Samuel (1718-1795)",1718-1795,Man
RN-ORG-0024,,,,
54044,"Johnstone, George","Johnstone, George (1730-1787, British)",1730-1787,Man
59983,"Wigglesworth, Edward","Wigglesworth, Edward (1741-1826)",1741-1826,Man
349759,"Massieu, Mr.","Massieu, Mr.",-,Man
54045,"Johnston, Francis","Johnston, Francis (1748-1815, lieutenant colonel)",1748-1815,Man
49960,"Caldwell, James","Caldwell, James (1734-1781)",1734-1781,Man
50485,"Clarkson, Matthew","Clarkson, Matthew (1733-1800)",1733-1800,Man
51888,"Failly, Philippe-Louis","Failly, Philippe-Louis (1735-1804)",1735-1804,Man
53947,"Jarvis, Nathaniel","Jarvis, Nathaniel (1750-1801)",1750-1801,Man
54307,"Klock, Jacob I.","Klock, Jacob I. (1745-1828)",1745-1828,Man
48543,"Archer, Henry Waldegrave","Archer, Henry Waldegrave (1754-1788)",1754-1788,Man
254179,"Hill, Benjamin","Hill, Benjamin (ex-prisoner)",-,Man
55571,"Measam, George","Measam, George (d. 1783)",-1783,Man
RN-ORG-0198,,,,
275931,"Weissenstein, Charles de, and “the Weissenstein affair”","Weissenstein, Charles de, and “the Weissenstein affair”",-,Man
RN-PER-0644,,,,
275950,"Welsh, David","Welsh, David (ex-prisoner)",-,Man
57690,"Rutherford, Thomas","Rutherford, Thomas (1729-1804)",1729-1804,Man
55872,"Moore, William","Moore, William (1699-1783)",1699-1783,Man
53384,"Heyward, Thomas, Jr.","Heyward, Thomas, Jr. (1746-1809)",1746-1809,Man
244158,"Castle, Joy, Philadelphia merchant","Castle, Joy, Philadelphia merchant",-,Man
265738,"Powers, Pierce","Powers, Pierce (of the Ranger)",-,Man
RN-ORG-0303,,,,
349760,"Masson, Pierre-Toussaint","Masson, Pierre-Toussaint",-,Man
RN-BUS-0052,,,,
RN-PER-0514,,,,
49448,"Boylston, John","Boylston, John (1709-1795)",1709-1795,Man
RN-PER-0498,,,,
365531,"Ford, Hezekiah","Ford, Hezekiah (clergyman)",-,Man
RN-ORG-0409,,,,
55852,"Moore, James, Jr.","Moore, James, Jr. (1756-1813)",1756-1813,Man
56215,"Nichols, Francis","Nichols, Francis (1737-1812)",1737-1812,Man
348255,"Droüet, Mr.","Droüet, Mr.",-,Man
55819,"Montieu, Jean-Joseph Carie de","Montieu, Jean-Joseph Carie de",-,Man
54335,"Kôváts de Fabricy, Michaël","Kôváts de Fabricy, Michaël (1724-1779)",1724-1779,Man
301140,"Morgan, James","Morgan, James (1721-1799)",1721-1799,Man
56134,Neilson,"Neilson (Nelson), John (1745-1833)",1745-1833,Man
346046,"Baker, Jerman","Baker, Jerman (1734-1792)",1734-1792,Man
RN-BUS-0070,,,,
RN-PER-0734,,,,
349770,"Mauduit de la Varenne, Pierre-Jean-Etienne","Mauduit de la Varenne, Pierre-Jean-Etienne",-1792,Man
55793,"Monroe, James","Monroe, James (1758-1831)",1758-1831,Man
57315,"Rhea, David","Rhea, David (1740-1821)",1740-1821,Man
59290,"Van Cortlandt, Philip","Van Cortlandt, Philip (1749-1831)",1749-1831,Man
RN-ORG-0029,,,,
349334,"Lalanne, Pierre","Lalanne, Pierre",-,Man
RN-ORG-0356,,,,
265091,"Ogden, Titus","Ogden, Titus (of N.C.)",-,Man
244460,"Comyn, Michel","Comyn, Michel (of Marseilles)",-,Man
349169,"Junker, Georges-Adam","Junker, Georges-Adam",1720-1805,Man
240729,"Brehon, James","Brehon, James (ex-prisoner)",-,Man
57356,"Richeson, Holt","Richeson, Holt (1736-1800)",1736-1800,Man
54874,"Lloyd, Richard Bennett","Lloyd, Richard Bennett (1750-1787)",1750-1787,Man
49005,"Beatty, John","Beatty, John (1749-1826)",1749-1826,Man
348972,"Heathcote, Harriott","Heathcote, Harriott",-,Woman
RN-PER-0579,,,,
347576,"Boyer, Mr.","Boyer, Mr.",-,Man
RN-PER-0032,,,,
52232,"Franks, David Salisbury","Franks, David Salisbury (1742-1793)",1742-1793,Man
54388,"Lamb, John","Lamb, John (1735-1800)",1735-1800,Man
348688,"Gauthier, Marc-François","Gauthier, Marc-François",-,Man
255511,"Halsted, Matthias","Halsted, Matthias (1736-1830)",1736-1830,Man
347506,"Boisroger, -- de","Boisroger, -- de",-,Man
RN-BUS-0015,,,,
58739,"Symmes, John Cleves","Symmes, John Cleves (1742-1814)",1742-1814,Man
348851,"Grinnell, Richard","Grinnell, Richard",-,Man
348172,"Deplaine, Mr.","Deplaine, Mr.",-,Man
49865,"Burr, Theodosia Bartow Prevost","Burr, Theodosia Bartow Prevost (1746-1794)",1746-1794,Woman
269320,"Reed, Benjamin","Reed, Benjamin",-,Man
240363,"Bates, Benjamin","Bates, Benjamin",-,Man
349336,"Lallemant, Jacques-Nicolas","Lallemant, Jacques-Nicolas",1740-,Man
301534,Dunkin,"Dunkin (Duncan), Elizabeth Watkins (d. 1846)",-1846,Woman
348996,"Herbaut de Marcenay, Mrs.","Herbaut de Marcenay, Mrs.",-,Woman
RN-PER-0621,,,,
347332,"Baër, Frédéric-Charles de","Baër, Frédéric-Charles de",1719-1797,Man
53113,"Harris, John","Harris, John (1726-1791)",1726-1791,Man
261649,Martini,"Martini (Schwartzendorf), Johan Paul Aegidius (1741-1816)",1741-1816,Man
RN-PER-0835,,,,
248292,"Dobbs, William","Dobbs, William (1718-1781)",1718-1781,Man
128617,"Greenleaf, Thomas","Greenleaf, Thomas (1755-1798)",1755-1798,Man
RN-PER-0433,,,,
RN-ORG-0178,,,,
269749,"Sargeant, William Hill","Sargeant, William Hill",-,Man
54954,"Lowndes, Rawlins","Lowndes, Rawlins (d. 1800)",1721-1800,Man
349082,"Hérimez, Ferdinand-François-Théodore-Joseph Pollart d'","Hérimez, Ferdinand-François-Théodore-Joseph Pollart d'",-,Man
350424,"Richelet, Mr.","Richelet, Mr.",-,Man
303215,"Wickers, Joseph","Wickers, Joseph",-,Man
349187,"Kendall, Joseph","Kendall, Joseph",1750-,Man
270109,"Spencer, John","Spencer, John",-,Man
57408,"Rittenhouse, David","Rittenhouse, David (1732-1796)",1732-1796,Man
349988,"Muirson, Heathcote","Muirson, Heathcote",-1781,Man
RN-ORG-0329,,,,
102606,"McCall, George","McCall, George (of Glasgow)",-,Man
255225,"Hopkins, Roswell","Hopkins, Roswell",1733-1827,Man
244194,"Chalier, Comte de","Chalier, Comte de",1701-,Man
RN-ORG-0359,,,,
56984,"Posey, Thomas","Posey, Thomas (1750-1818)",1750-1818,Man
348877,"Guichard, Mr., l'aîné","Guichard, Mr., l'aîné",-,Man
59025,"Tillotson, Thomas","Tillotson, Thomas (1750-1832)",1750-1832,Man
50171,"Carter, Robert","Carter, Robert (1728-1804)",1728-1804,Man
57098,"Purdie, Alexander","Purdie, Alexander (c. 1743-1779)",1743-1779,Man
349092,"Iselin, Isaac","Iselin, Isaac",1728-1782,Man
RN-PER-0593,,,,
349953,"Moreau, Nicolas","Moreau, Nicolas",-,Man
48664,"Ayres, John","Ayres, John (captain, of the Arnold Packet)",-,Man
57264,"Read, Thomas","Read, Thomas (c. 1740-1788)",1740-1788,Man
350185,"Pelletier, --","Pelletier, --",-,Man
RN-PER-0173,,,,
365565,"Hancock, Philip","Hancock, Philip (of Plymouth, England)",-,Man
54942,"Lovell, James, Jr.","Lovell, James, Jr. (1762-1850, H.C. 1787)",1762-1850,Man
258933,"Le Coeur, M.","Le Coeur, M.",-,Man
253575,"Rayneval, Joseph Mathias Gérard de","Rayneval, Joseph Mathias Gérard de (1746-1812)",1746-1812,Man
53086,"Hargis, Abraham","Hargis, Abraham (d. 1811)",-1811,Man
265596,"Pezerat, M.","Pezerat, M.",-,Man
50655,"Collas, Peter","Collas, Peter",-,Man
347691,"Bussy-Dagoneau, --, comte de","Bussy-Dagoneau, --, comte de",1735-,Man
347917,"Clear, Patrick","Clear, Patrick",-,Man
348861,"Grove, Leslie","Grove, Leslie",-1794,Man
350937,"Tschiffelÿ, Johann Rudolph","Tschiffelÿ, Johann Rudolph",1716-1780,Man
262101,"Mercier, ——","Mercier, —— (Mr.)",-,Man
350699,"Sowden, Hannah","Sowden, Hannah",-,Woman
RN-PER-0166,,,,
348639,"Fyot, François-Marie","Fyot, François-Marie",-,Man
350925,"Tristan-Brision, --, abbé de","Tristan-Brision, --, abbé de",-,Man
251419,"Fowler, Alexander","Fowler, Alexander",-1806,Man
RN-PER-0423,,,,
56243,"Niles, Robert","Niles, Robert (1734-1818)",1734-1818,Man
RN-PER-0710,,,,
239528,"Atwood, John","Atwood, John",-,Man
RN-PER-0766,,,,
347820,"Chadwick, Nathan","Chadwick, Nathan",-,Man
49549,"Brewster, Caleb","Brewster, Caleb (1747-1827)",1747-1827,Man
261430,"Murphy, John","Murphy, John (ex-prisoner)",-,Man
51433,"Dobrée, Peter Frederick","Dobrée, Peter Frederick (Nantes consul)",1757-1801,Man
350148,"Parsons, R.","Parsons, R.",-,Woman
RN-ORG-0123,,,,
350210,"Perronet, Jean-Rodolphe","Perronet, Jean-Rodolphe",1708-1794,Man
52367,"Gansevoort, Peter","Gansevoort, Peter (1749-1812)",1749-1812,Man
RN-ORG-0236,,,,
56564,"Paterson, William","Paterson, William (1745-1806)",1745-1806,Man
RN-PER-0771,,,,
244521,"Costentin, Berubé de","Costentin, Berubé de",-,Man
50578,"Cochran, Robert","Cochran, Robert (1735-1824)",1735-1824,Man
348351,"Durand de Las Bordas, Mr.","Durand de Las Bordas, Mr.",-,Man
255782,"Hinman, Elisha","Hinman, Elisha (d. 1807, captain)",-1807,Man
50366,"Chew, Benjamin, Jr.","Chew, Benjamin, Jr. (1758-1844)",1758-1844,Man
349674,"Mailhe, Jean-Baptiste","Mailhe, Jean-Baptiste",1754-1839,Man
348514,"Finlay, George","Finlay, George",-,Man
239003,"Anquetil, Thomas","Anquetil, Thomas (captain, of the Elizabeth)",-,Man
RN-PER-0012,,,,
240453,"Bencor, Brown","Bencor, Brown",-,Man
RN-PER-0484,,,,
54329,"Knyphausen, Wilhelm von","Knyphausen, Wilhelm von (1716-1800)",1716-1800,Man
RN-BUS-0016,,,,
58183,"Smith, James","Smith, James (1738-1812)",1738-1812,Man
244222,"Channing, John","Channing, John",-,Man
350860,"Thiard, Henri-Charles, comte de","Thiard, Henri-Charles, comte de",1726-1794,Man
276143,"Williams, Griffith","Williams, Griffith (London surgeon)",-,Man
49910,"Butler, William","Butler, William (1745-1789)",1745-1789,Man
48842,"Barnes, Thomas","Barnes, Thomas (1752-1821)",1752-1821,Man
276855,"Wickes, Thomas","Wickes, Thomas (1744-1819)",1744-1819,Man
49785,"Bull, Epaphras","Bull, Epaphras (1748-1781)",1748-1781,Man
53777,"Hurlbut, George","Hurlbut, George (1756-1783)",1756-1783,Man
350075,"Odolant-Desnos, Pierre-Joseph","Odolant-Desnos, Pierre-Joseph (1722-1801)",1722-1801,Man
256656,"Hill, --","Hill, -- (captain, master of the Commerce)",-,Man
RN-ORG-0055,,,,
RN-ORG-0111,,,,
275619,Valnais,"Valnais (Walnay), Joseph de, chevalier, (1748-1826, French consul at Boston)",1748-1826,Man
RN-BUS-0012,,,,
55650,"Mersereau, Joshua","Mersereau, Joshua (1728-1804)",1728-1804,Man
350097,"Oster, Madame","Oster, Madame",-,Woman
RN-PER-0773,,,,
RN-PER-0753,,,,
258399,"Knobelauch, Baron de","Knobelauch, Baron de",-,Man
349699,"Mante, Thomas","Mante, Thomas",-,Man
RN-PER-0580,,,,
53488,"Hogun, James","Hogun, James (d. 1781)",-1781,Man
53760,"Huntington, Jabez","Huntington, Jabez (1719-1786)",1719-1786,Man
54626,"L'Enfant, Pierre Charles","L'Enfant, Pierre Charles (1754-1825)",1754-1825,Man
265952,"Paton, James","Paton, James (d. 1816)",1760-1816,Man
256287,"Haller, Rodolphe Emmanuel","Haller, Rodolphe Emmanuel (1747-1833)",1747-1833,Man
54617,"Le Maire de Gimel, Jacques","Le Maire de Gimel, Jacques (b. 1749)",1749-,Man
59746,"Way, Nicholas","Way, Nicholas (1747-1797)",1747-1797,Man
249795,"Essarts, Nicolas Toussaint Lemoyne des","Essarts, Nicolas Toussaint Lemoyne des (1744-1810)",1744-1810,Man
56289,"Norwood, Edward","Norwood, Edward (1750-1816)",1750-1816,Man
RN-ORG-0247,,,,
348406,"Ellison, Robert","Ellison, Robert",1737-1783,Man
RN-ORG-0383,,,,
57931,"Seymour, Thomas Young","Seymour, Thomas Young (1757-1811)",1757-1811,Man
RN-ORG-0018,,,,
52709,"Gray, Ebenezer","Gray, Ebenezer (1743-1795)",1743-1795,Man
350658,"Sickingen, Karl Heinrich Joseph, Reichsgraf von","Sickingen, Karl Heinrich Joseph, Reichsgraf von",-,Man
347590,"Branche, --","Branche, --",-,Man
57827,"Scott, George","Scott, George (1758-1826)",1758-1826,Man
RN-BUS-0039,,,,
250972,"Fletcher, Samuel","Fletcher, Samuel",-,Man
RN-PER-0565,,,,
55539,"McNeill, Daniel","McNeill, Daniel (1748-1833)",1748-1833,Man
RN-PER-0295,,,,
349193,"Kerguelen de Trémarec, Yves-Joseph de","Kerguelen de Trémarec, Yves-Joseph de",1734-1797,Man
53253,"Hay, Udny","Hay, Udny (1739-1806)",1739-1806,Man
RN-ORG-0265,,,,
59406,"Vienne, Louis-Pierre, marquis de","Vienne, Louis-Pierre, marquis de (1746-1812)",1746-1812,Man
RN-PER-0087,,,,
350421,"Richard, Jacques","Richard, Jacques",-,Man
347834,"Chanorier, Jean","Chanorier, Jean",-,Man
51404,"Digges, Thomas Attwood","Digges, Thomas Attwood (1742-1821)",1742-1821,Man
RN-PER-0019,,,,
48646,"Austin, Jonathan Loring","Austin, Jonathan Loring (1748-1826)",1748-1826,Man
338196,"Blake, Daniel","Blake, Daniel (1731-1780)",1731-1780,Man
54871,"Lloyd, John","Lloyd, John (1735-1807)",1735-1807,Man
350988,"Vauquelin de Boisroger, François-Pierre de","Vauquelin de Boisroger, François-Pierre de",1746-,Man
350245,"Pine, Joseph","Pine, Joseph",-,Man
48473,"Anderson, George","Anderson, George (1755-1816)",1755-1816,Man
349194,"Kerguelen, Marie-Laurence de Bonte de","Kerguelen, Marie-Laurence de Bonte de",1740-,Woman
49102,"van Berckel, Engelbert François","van Berckel, Engelbert François (1726-1796)",1726-1796,Man
271312,"Stoddard, Josiah","Stoddard, Josiah",-1779,Man
276721,"Wharton, Joseph","Wharton, Joseph (1707-1776)",1707-1776,Man
348196,"Desplaces, Jean-Baptiste Machillot","Desplaces, Jean-Baptiste Machillot",-,Man
250979,"Flint, Royal","Flint, Royal (1754-1797)",1754-1797,Man
RN-PER-0407,,,,
60063,"Williams, Otho Holland","Williams, Otho Holland (1749-1794)",1749-1794,Man
348864,"Gruffy, Mr. de","Gruffy, Mr. de",-,Man
260232,"Lalande, Joseph Jérôme Le Français de","Lalande, Joseph Jérôme Le Français de (1732-1807)",1732-1807,Man
50120,"Carrington, Edward","Carrington, Edward (1748-1810)",1748-1810,Man
58268,"Smith, William","Smith, William (1755-1816, son of Isaac, Sr.)",1755-1816,Man
51735,"Eliot, John","Eliot, John (1754-1813)",1754-1813,Man
254113,"Helvétius, Anne Catherine, Comtesse de Ligniville d'Autricourt","Helvétius, Anne Catherine, Comtesse de Ligniville d'Autricourt (1722-1800)",1722-1800,Woman
58570,"Stith, John","Stith, John (1724-1773)",1724-1773,Man
RN-BUS-0043,,,,
349316,"Laffitte, Laurent","Laffitte, Laurent",-,Man
RN-PER-0503,,,,
250649,"Fraissignes, Jacques","Fraissignes, Jacques",-,Man
278540,"Wuibert de Mézières, Antoine Félix","Wuibert de Mézières, Antoine Félix",-,Man
349619,"Lunt, Joseph","Lunt, Joseph",-,Man
349645,"MacKellar, Edward","MacKellar, Edward",-,Man
RN-PER-0311,,,,
254191,"Hill, Joses","Hill, Joses",-,Man
51552,"Du Chesnoy, Michel Capitaine","Du Chesnoy, Michel Capitaine (1746-1804)",1746-1804,Man
50855,"Cox, John, Jr.","Cox, John, Jr. (1732-1793)",1732-1793,Man
55749,"Mitchell, John","Mitchell, John (1741-1816)",1741-1816,Man
55213,"Marshall, Thomas","Marshall, Thomas (1718-1800)",1719-1800,Man
349952,"Moreau, Charles-Hubert","Moreau, Charles-Hubert",1732-1821,Man
53644,"Howell, Richard","Howell, Richard (1754-1802)",1754-1802,Man
RN-ORG-0270,,,,
RN-ORG-0020,,,,
348650,"Galbert, Gaspard, vicomte de","Galbert, Gaspard, vicomte de",1752-1807,Man
52815,"Griffin, Cyrus","Griffin, Cyrus (1748-1810)",1748-1810,Man
350907,"Tournelle, -- de","Tournelle, -- de",-,Man
246749,Caraccioli,"Caraccioli (Caracciolo), Domenico, marchese di Villamaina (1715-1789)",1715-1789,Man
RN-PER-0127,,,,
246376,"Cadet-de-Vaux, Antoine Alexis","Cadet-de-Vaux, Antoine Alexis (1743-1828)",1743-1828,Man
258103,"Keating, William","Keating, William (prisoner at Dinan, France)",-,Man
RN-PER-0482,,,,
347287,"Barnard, Tristram","Barnard, Tristram (1727-1785)",1727-1785,Man
49164,"Bigelow, John","Bigelow, John (1739-1780)",1739-1780,Man
56126,"Necker, Jacques","Necker, Jacques (1732-1804)",1732-1804,Man
347253,"Bailly, --, aîné","Bailly, --, aîné",-,Man
349523,"Lesguillon, --","Lesguillon, --",-,Man
350436,"Rieger, Jacob","Rieger, Jacob",1755-1793,Man
276073,"Whitmarsh, William, Jr.","Whitmarsh, William, Jr. (b. 1748)",1748-,Man
246664,"Cabanis, Pierre Jean Georges","Cabanis, Pierre Jean Georges (1757-1808)",1757-1808,Man
56217,"Nichols, John","Nichols, John (b. 1709, British Guide)",1709-,Man
247806,"Driver, Edward","Driver, Edward (prisoner at Dinan, France)",-,Man
264427,"Nichols, John","Nichols, John (prisoner at Dinan, France)",-,Man
RN-PER-0474,,,,
56402,"Oswald, Eleazar","Oswald, Eleazar (1750-1795)",1750-1795,Man
274153,"Tusten, Benjamin, Jr.","Tusten, Benjamin, Jr.",1743-1779,Man
RN-ORG-0053,,,,
267527,"Poissonier, Pierre","Poissonier, Pierre",1720-1798,Man
52820,"Griffith, David","Griffith, David (1742-1789)",1742-1789,Man
RN-ORG-0350,,,,
347676,"Buc'hoz, Pierre-Joseph","Buc'hoz, Pierre-Joseph",1731-1807,Man
245307,"Coburn, Asa","Coburn, Asa",-,Man
259438,"Lemen (Lemon), John","Lemen (Lemon), John",-,Man
349700,"Mané, --","Mané, --",-,Man
58461,"Steele, Joshua","Steele, Joshua (1700-1791)",1700-1791,Man
277020,"Willis, James","Willis, James",-,Man
RN-ORG-0349,,,,
259599,"Livingston, Abraham","Livingston, Abraham (1754-1802)",1754-1802,Man
56703,"Penn, Richard","Penn, Richard (1735-1811)",1735-1811,Man
273000,"Solander, Daniel C.","Solander, Daniel C.",-1782,Man
RN-PER-0018,,,,
260217,"La Roche, Martin Lefèbvre de","La Roche, Martin Lefèbvre de (abbé)",1738-,Man
350802,"Swaller, George","Swaller, George",-,Man
351154,"Witel, Jérémie","Witel, Jérémie",-,Man
54935,Louis XVI,Louis XVI (1754-1793),1754-1793,Man
349223,"Kéralio-Luxembourg, Louis-Félix Guynement de","Kéralio-Luxembourg, Louis-Félix Guynement de",1731-1793,Man
348326,"Dumoulin, Mr.","Dumoulin, Mr.",-,Man
255221,"Hopkins, Daniel","Hopkins, Daniel (of Salem, MA)",1734-1814,Man
RN-PER-0554,,,,
252055,"Gérard, Marie-Nicole Grossart de Virly","Gérard, Marie-Nicole Grossart de Virly (wife of Conrad Alexandre)",-,Woman
351197,"Zinner, Jean Charles","Zinner, Jean Charles",-,Man
RN-ORG-0173,,,,
RN-PER-0600,,,,
RN-ORG-0110,,,,
252000,"Garcin, Mr. de","Garcin, Mr. de",-,Man
54402,"La Neuville, René-Hippolyte Penot Lombart de Noirmont de","La Neuville, René-Hippolyte Penot Lombart de Noirmont de (1750-1792)",1750-1792,Man
RN-BUS-0020,,,,
RN-PER-0657,,,,
350278,"Pollard, Walter","Pollard, Walter",1755-1818,Man
RN-PER-0394,,,,
RN-PER-0567,,,,
57591,"Ross, John","Ross, John (1729-1800)",1729-1800,Man
52473,"Gilbank, John","Gilbank, John (d. 1780)",-1780,Man
242480,"Bell, Thomas","Bell, Thomas (c. 1739-1796)",1739-1796,Man
48355,"Alden, Ichabod","Alden, Ichabod (1739-1778)",1739-1778,Man
347704,"Byrne, Bartholomew","Byrne, Bartholomew",-,Man
RN-PER-0247,,,,
59952,"White, William","White, William (1748-1836)",1748-1836,Man
59698,"Washington, William","Washington, William (1752-1810)",1752-1810,Man
57164,"Ramsay, David","Ramsay, David (1749-1815)",1749-1815,Man
348948,"Harriman, James","Harriman, James",-,Man
259401,"Lee, Stephen","Lee, Stephen",-,Man
53495,"Holker, John","Holker, John (Jean) (1719-1786)",1719-1786,Man
RN-PER-0697,,,,
351200,"Zollicoffer, Jean de Jean","Zollicoffer, Jean de Jean",1749-1828,Man
RN-PER-0588,,,,
317987,"Barnett, James","Barnett, James (b. c. 1735)",1735-,Man
307499,"Akin, Jonathan","Akin, Jonathan",-,Man
259060,"Locke, John","Locke, John (of Cape Cod)",-,Man
53004,"Hamilton, William","Hamilton, William (1745-1813)",1745-1813,Man
RN-PER-0802,,,,
RN-PER-0293,,,,
346096,"Brodrick, David","Brodrick, David",-,Man
349191,"Kentisbear, William","Kentisbear, William",-,Man
RN-BUS-0063,,,,
RN-PER-0616,,,,
50456,"Clarke, Jonathan","Clarke, Jonathan",-,Man
239375,"Andrews, Benjamin","Andrews, Benjamin (c. 1741-1779)",1741-1779,Man
248461,"Du Clos, Francis","Du Clos, Francis (1754–1844)",1754-1844,Man
51649,"Durkee, John","Durkee, John (1728-1782)",1728-1782,Man
59825,"Weltner, Ludwig","Weltner, Ludwig",-,Man
349166,"Jullian, Charles-Nicolas","Jullian, Charles-Nicolas",-,Man
59117,"Trescott, Lemuel","Trescott, Lemuel (1751-1826)",1751-1826,Man
RN-PER-0410,,,,
RN-PER-0831,,,,
RN-PER-0522,,,,
338876,"Middleton, Thomas","Middleton, Thomas (d. 1779) (ca. 1750-1779)",1750-1779,Man
275228,"Valmont de Bomare, Jacques Christophe","Valmont de Bomare, Jacques Christophe (1731-1807)",1731-1807,Man
348294,"Dubois, abbé","Dubois, abbé",-,Man
274800,"Taylor, Jesse","Taylor, Jesse",-,Man
59628,"Washington, George Augustine","Washington, George Augustine (1758-1793)",1758-1793,Man
350233,"Pickerin, Thomas","Pickerin, Thomas",-1779,Man
RN-ORG-0069,,,,
RN-PER-0501,,,,
RN-ORG-0067,,,,
RN-PER-0547,,,,
RN-PER-0613,,,,
RN-PER-0030,,,,
52992,"Hamilton, James","Hamilton, James (1750-1833)",1750-1833,Man
271359,"Strang, Joseph","Strang, Joseph",1725-1794,Man
255467,"Hyatt, Nathaniel","Hyatt, Nathaniel (d. 1779)",-,Man
349755,"Masseure, Francis-Geron","Masseure, Francis-Geron",-,Man
RN-ORG-0079,,,,
RN-PER-0488,,,,
RN-PER-0741,,,,
365494,"Farley, Henry","Farley, Henry (merchant, of England)",-,Man
244326,"Clark, Elisha","Clark, Elisha (captain, of Nantucket, Mass.)",-,Man
56881,"Platt, Richard","Platt, Richard (1755-1830)",1755-1830,Man
RN-PER-0179,,,,
RN-PER-0778,,,,
RN-PER-0303,,,,
RN-PER-0003,,,,
255470,"Hyde, West","Hyde, West (1734-1797)",1734-1797,Man
RN-PER-0248,,,,
RN-PER-0582,,,,
263625,"Marat, Jean Paul","Marat, Jean Paul (1743-1793)",1743-1793,Man
249958,"Emlen, George","Emlen, George (1741-1812)",1741-1812,Man
310339,"Rogers, William","Rogers, William (1751-1824)",1751-1824,Man
252944,"Gunnison, Benjamin","Gunnison, Benjamin",-,Man
350795,"Sube, A.","Sube, A.",-,Man
349369,"Laporte, Jacques de","Laporte, Jacques de",1754-,Man
348471,"Fauchier, P.","Fauchier, P.",-,Man
RN-PER-0785,,,,
347344,"Beaulieu, Charles Gilloton, chevalier de","Beaulieu, Charles Gilloton, chevalier de",-,Man
RN-ORG-0384,,,,
350362,"Randell, Mrs. Leschevin","Randell, Mrs. Leschevin",-,Woman
58508,"Stevens, Ebenezer","Stevens, Ebenezer (1751-1823)",1751-1823,Man
347255,"Baldwin, Christopher","Baldwin, Christopher",-,Man
51178,"Davidson, William Lee","Davidson, William Lee (d. 1781)",-1781,Man
347130,"Allamand, François-Louis","Allamand, François-Louis",-,Man
349446,"Le Francq, Marc-Antoine-Maximilien-César","Le Francq, Marc-Antoine-Maximilien-César",1756-,Man
55863,"Moore, Nicholas Ruxton","Moore, Nicholas Ruxton (1756-1816)",1756-1816,Man
253505,"Gardner, Shubael","Gardner, Shubael (captain, master of Le Chardon)",-,Man
349303,"Lissalde, Laborde","Lissalde, Laborde",-,Man
348528,"Flavigny, Gratien-Jean-Baptiste-Louis, vicomte de","Flavigny, Gratien-Jean-Baptiste-Louis, vicomte de",1741-1783,Man
RN-PER-0509,,,,
56168,"Neufville, Jean","Neufville, Jean (Jan; John) de (1729-1796)",1729-1796,Man
251319,"Fierer, Charles","Fierer, Charles (1756-1794)",1756-1794,Man
258385,"Kleinschmit, Carl Wilhelm","Kleinschmit, Carl Wilhelm (b. 1755)",1755-,Man
243524,"Blome, Otto, Baron von","Blome, Otto, Baron von (1735-1803)",1735-1803,Man
RN-ORG-0352,,,,
RN-PER-0062,,,,
266633,Patterson,"Patterson (Patteson), Nelson (1762-1824)",1762-1824,Man
RN-PER-0776,,,,
RN-PER-0675,,,,
350171,"Payés, Pierre","Payés, Pierre",-,Man
348658,"Gamba, --","Gamba, --",-,Man
246118,"Cochran, Charles B.","Cochran, Charles B.",-,Man
56187,"Newenham, Edward","Newenham, Edward (1734-1814)",1734-1814,Man
348065,"Cuchet, Gaspard-Joseph","Cuchet, Gaspard-Joseph",-,Man
242700,"Bouchet, Denis Jean Florimond Langlois de Montheville, Chevalier du","Bouchet, Denis Jean Florimond Langlois de Montheville, Chevalier du (1752-1826)",1752-1826,Man
RN-BUS-0042,,,,
252429,"Geary, James","Geary, James",-,Man
262978,"McNutt, Alexander","McNutt, Alexander (1725-1811)",1725-1811,Man
RN-ORG-0112,,,,
48855,"Barrell, Joseph","Barrell, Joseph (1740-1804)",1740-1804,Man
RN-PER-0404,,,,
257360,"Jeffries, Joseph","Jeffries, Joseph (1736-1814)",1736-1814,Man
350688,"Soller, --","Soller, --",-,Man
277761,"Watson, John","Watson, John (c. 1760-1841)",1760-1841,Man
270267,"Swain, John, letter to Commissioners listed","Swain, John, letter to Commissioners listed",-,Man
RN-PER-0392,,,,
350048,"Nicolas, Pierre-François","Nicolas, Pierre-François",-,Man
52505,"Gillon, Alexander","Gillon, Alexander (1741-1794)",1741-1794,Man
53899,"Jackson, Michael, Sr.","Jackson, Michael, Sr. (1734-1801)",1734-1801,Man
59110,"Treat, Malachi","Treat, Malachi (1736-1795)",1736-1795,Man
350144,"Parny des Falines, Jean Baptiste Paul de","Parny des Falines, Jean Baptiste Paul de",-,Man
266244,"Pierce, John","Pierce, John (of James City Co., Va.)",1736-1819,Man
347102,"Adamoli, Mr.","Adamoli, Mr.",-,Man
RN-PER-0298,,,,
247580,"Darrell, Josiah","Darrell, Josiah (captain, of the Polly)",-,Man
350812,"Sykes, H.","Sykes, H.",-,Man
56667,"Pélissier, Christophe","Pélissier, Christophe (b. 1728)",1728-,Man
266901,"Prevost, Augustine","Prevost, Augustine",-1786,Man
350002,"Mutrie, W. M.","Mutrie, W. M.",-,Man
RN-ORG-0059,,,,
57238,"Rawlings, Moses","Rawlings, Moses (1745-1809)",1745-1809,Man
57057,"Prevost, James","Prevost, James (1736-1781)",1736-1781,Man
348730,"Gibbes, Margaret","Gibbes, Margaret",-,Woman
RN-PER-0712,,,,
57245,"Raynal, Guillaume Thomas François, Abbé","Raynal, Guillaume Thomas François, Abbé (1713-1796)",1713-1796,Man
339387,"Sears, David","Sears, David (1752–1816)",1752-1816,Man
52118,"Floyd, William","Floyd, William (1734-1821)",1734-1821,Man
349710,"Marchant, Stephen","Marchant, Stephen",-,Man
RN-BUS-0076,,,,
349015,"Hills, Stephen","Hills, Stephen",-,Man
54397,"Landais, Pierre","Landais, Pierre (1734-1820)",1734-1820,Man
RN-PER-0506,,,,
268074,"Raimondis, Joseph Louis, chevalier de","Raimondis, Joseph Louis, chevalier de (1723-1801)",1723-1801,Man
57689,"Rutherford, Robert","Rutherford, Robert (1728-1803)",1728-1803,Man
50716,"Conway, John","Conway, John (1742-1802)",1742-1802,Man
58592,"Stokes, John","Stokes, John (1756-1790)",1756-1790,Man
350514,"Rousseaux, Jean","Rousseaux, Jean",-,Man
351077,"Watelet, Claude-Henri","Watelet, Claude-Henri",1718-1786,Man
56278,"North, Caleb","North, Caleb (1753-1840)",1753-1840,Man
RN-PER-0349,,,,
RN-PER-0375,,,,
302903,"Watson, Titus","Watson, Titus",1743-1820,Man
253508,"Gargaz, Pierre André","Gargaz, Pierre André",-,Man
347249,"Badger, Jonathan","Badger, Jonathan",-,Man
365683,"Barker, Joseph","Barker, Joseph",-,
49778,"Buford, Abraham","Buford, Abraham (1749-1833)",1749-1833,Man
347742,"Calliez, Mr.","Calliez, Mr.",-,Man
347601,"Bret, Antoine","Bret, Antoine",-,Man
351061,"Walkar (Rilkar, Walker), John","Walkar (Rilkar, Walker), John",1752-,Man
RN-PER-0650,,,,
348355,"Durif de Cazaneuve, Mr.","Durif de Cazaneuve, Mr.",-,Man
348921,"Hamelin, Mr.","Hamelin, Mr.",-,Man
350835,"Taverne Demont Dhiver, --","Taverne Demont Dhiver, --",-,Man
130633,"Pinckney, Charles Jr.","Pinckney, Charles Jr. (1732-1782)",1732-1782,Man
348260,"Du Bois, Henrÿ","Du Bois, Henrÿ",-,Man
252294,"Gridley, Joseph","Gridley, Joseph",-,Man
56600,"Pawling, Albert","Pawling, Albert (1750-1836)",1750-1836,Man
RN-PER-0473,,,,
348039,"Creery, Mr.","Creery, Mr.",-,Man
347346,"Élie de Beaumont, Anne-Louise","Élie de Beaumont, Anne-Louise",1729-1783,Woman
49811,"Burchardt, Daniel","Burchardt, Daniel (1740-1790)",1740-1790,Man
347523,"Bordot, François","Bordot, François",-,Man
247286,"Conti, Louis François Joseph de Bourbon, Prince de","Conti, Louis François Joseph de Bourbon, Prince de (1734-1814)",1734-1814,Man
272223,"Saint-Lambert, Jean François de","Saint-Lambert, Jean François de (1716-1803)",1716-1803,Man
249886,"Eichelberger, Barnet","Eichelberger, Barnet",-,Man
252758,"Gray, James","Gray, James (commissary)",-,Man
49261,"Blodget, Nathan","Blodget, Nathan (1704-1747)",1704-1747,Man
56829,"Pierce, Benjamin","Pierce, Benjamin",-,Man
304800,"Slott (Slot, Slote), Stephen","Slott (Slot, Slote), Stephen",-,Man
RN-ORG-0106,,,,
245112,"Chinn, Edward","Chinn, Edward (1732-1802)",1732-1802,Man
245117,"Chittenden, Thomas","Chittenden, Thomas (1730-1797)",1730-1797,Man
49904,"Butler, Pierce","Butler, Pierce (1744-1822)",1744-1822,Man
RN-ORG-0227,,,,
99710,"Ewing, Nathaniel","Ewing, Nathaniel",-,Man
53596,"Horton, Jotham","Horton, Jotham (1749-1795)",1749-1795,Man
59798,"Weissenfels, Frederick","Weissenfels, Frederick (1728-1806)",1728-1806,Man
53980,"Jenings, Edmund","Jenings, Edmund (1731-1819)",1731-1819,Man
347191,"Arlincourt, Louis-Adrien Prévost d'","Arlincourt, Louis-Adrien Prévost d'",1743-1794,Man
RN-PER-0534,,,,
253480,"Galvan, William","Galvan, William (major)",-1782,Man
347574,"Boyenval, Louis-Marie","Boyenval, Louis-Marie",1759-,Man
54851,"Livingston, Susannah French","Livingston, Susannah French (1723-1789)",1723-1789,Woman
286120,"Anquetil-Duperron, Abraham Hyacinthe","Anquetil-Duperron, Abraham Hyacinthe (1731-1805)",1731-1805,Man
247875,"Dussaulx (Dusaulx), Jean-Joseph","Dussaulx (Dusaulx), Jean-Joseph",1728-1799,Man
347317,"Bauchot, L.","Bauchot, L.",-,Man
350801,"Sutton de Clonard, Jean, comte","Sutton de Clonard, Jean, comte",-1833,Man
57953,"Shaw, Alexander","Shaw, Alexander",-,Man
248388,"Douglas (Douglass), Thomas","Douglas (Douglass), Thomas",-,Man
350434,"Ridou, Mr.","Ridou, Mr.",-,Man
50869,"Craig, Isaac","Craig, Isaac (1742-1826)",1742-1826,Man
246957,"Chardon, Daniel Marc Antoine","Chardon, Daniel Marc Antoine (1731-1795)",1731-1795,Man
350342,"Pées, Bernard","Pées, Bernard",-,Man
58662,"Stuart, Eleanor Calvert Custis","Stuart, Eleanor Calvert Custis (1754-1811, Nelly)",1754-1811,Woman
RN-PER-0822,,,,
149062,"Gardner, William","Gardner, William (1759-1795, formerly the slave Billey)",1759-1795,Man
347250,"Bailey, Joseph","Bailey, Joseph",-,Man
248239,"Dickinson, Sylvanus","Dickinson, Sylvanus",-,Man
RN-PER-0647,,,,
RN-BUS-0058,,,,
56105,"Napier, James","Napier, James (1710-1799)",1710-1799,Man
RN-PER-0263,,,,
RN-PER-0229,,,,
RN-ORG-0175,,,,
348825,"Gratien, --","Gratien, --",-,Man
304061,"Harnage, Henry","Harnage, Henry",1739-1826,Man
RN-PER-0341,,,,
270242,"Strong, Nathan","Strong, Nathan (1748-1816, of Hartford, Conn.)",1748-1816,Man
347267,"Bannerman, Benjamin","Bannerman, Benjamin",-,Man
347594,"Brault, --","Brault, --",-,Man
348162,"Demezandré, Mr.","Demezandré, Mr.",-,Man
60139,"Windship, Amos","Windship, Amos (1745-1813)",1745-1813,Man
55585,"Mehelm, John","Mehelm, John (1735-1809)",1735-1809,Man
240648,"Boyd, Lawrence","Boyd, Lawrence",-,Man
258894,"Laporte, Arnauld de","Laporte, Arnauld de",-,Man
RN-PER-0674,,,,
349584,"Longwell, James","Longwell, James",-,Man
273358,"Tardy, Louis","Tardy, Louis",-,Man
RN-PER-0834,,,,
316577,"Richardson, Mary","Richardson, Mary",1747-,Woman
266512,"Prowell, Joseph","Prowell, Joseph",-,Man
RN-PER-0044,,,,
351074,"Wanklyn, John","Wanklyn, John",-,Man
351125,"Wilkin, David","Wilkin, David",-,Man
274952,"Tillet, Mathieu","Tillet, Mathieu",1714-1791,Man
RN-PER-0084,,,,
347143,"Amelot de Chaillou, Antoine-Jean","Amelot de Chaillou, Antoine-Jean (1732-1795)",1732-1795,Man
52791,"Gregory, John","Gregory, John (1747-1777)",1747-1777,Man
RN-PER-0696,,,,
55502,"McKenzie, John","McKenzie, John (b. 1731)",1731-,Man
RN-PER-0458,,,,
305448,"Gover, Robert","Gover, Robert",-,Man
49185,"Bishop, Thomas","Bishop, Thomas (1705-1795)",1705-1795,Man
349657,"Mace, John","Mace, John",-,Man
RN-PER-0340,,,,
348301,"Duchemin, Daniel","Duchemin, Daniel",-,Man
245961,"Cassini de Thury, César François","Cassini de Thury, César François (1714-1784)",1714-1784,Man
58305,"Snowden, Jonathan","Snowden, Jonathan (1756-1824)",1756-1824,Man
RN-PER-0660,,,,
55618,"Mercer, John Francis","Mercer, John Francis (1759-1821)",1759-1821,Man
RN-PER-0424,,,,
245465,"Conner, John","Conner, John (d. 1790, ship captain)",-1790,Man
RN-PER-0587,,,,
58444,"Starr, George","Starr, George (1740-1820)",1740-1820,Man
347147,"Amezaga, Ignace d'Urtado, marquis d'","Amezaga, Ignace d'Urtado, marquis d'",1710-,Man
303950,"Steward, John","Steward, John",-,Man
255497,"Hall, David","Hall, David (1752-1817)",1752-1817,Man
48676,"Bache, Benjamin Franklin","Bache, Benjamin Franklin (1769-1798)",1769-1798,Man
RN-PER-0051,,,,
349715,"Marignac, Gabriel-Louis Galissard de","Marignac, Gabriel-Louis Galissard de",1736-,Man
RN-PER-0103,,,,
304634,"Hasenclever, Peter","Hasenclever, Peter",1716-1793,Man
52140,"Ford, Benjamin","Ford, Benjamin (1723-1781)",1723-1781,Man
RN-ORG-0404,,,,
348188,"Deshayes, Mr.","Deshayes, Mr.",-,Man
RN-PER-0706,,,,
53463,"Hodgdon, Samuel","Hodgdon, Samuel (1745-1824)",1745-1824,Man
54168,"Kearsley, Samuel","Kearsley, Samuel (1750-1830)",1750-1830,Man
241311,"Beckwith, John","Beckwith, John",-1787,Man
49906,"Butler, Richard","Butler, Richard (1743-1791)",1743-1791,Man
347969,"Conner, James","Conner, James",-,Man
348812,"Grand, Jean-François-Paul, l'aîné","Grand, Jean-François-Paul, l'aîné",-,Man
56517,"Parker, Richard","Parker, Richard (1729-1813)",1729-1813,Man
251044,"Forman, Jonathan","Forman, Jonathan (1755-1809)",1755-1809,Man
RN-ORG-0258,,,,
58187,"Smith, James","Smith, James (c.1751-1835)",1751-1835,Man
RN-BUS-0034,,,,
RN-PER-0222,,,,
267926,"Risberg, Gustavus","Risberg, Gustavus",-,Man
349305,"Labussiere, -- de","Labussiere, -- de",-,Man
56541,"Parr, James","Parr, James (d. 1800)",-1800,Man
RN-ORG-0184,,,,
276826,"Whiting, Daniel","Whiting, Daniel (major)",-,Man
51092,"Dalton, Tristram","Dalton, Tristram (1738-1817)",1738-1817,Man
243859,Browne,"Browne (Brown), John (commissary of purchases)",-,Man
RN-PER-0651,,,,
242002,"Brown, Ephraim","Brown, Ephraim",-,Man
365650,"Meibom, Justus Christoph de","Meibom, Justus Christoph de",-,Man
51566,"Duffield, Benjamin","Duffield, Benjamin (1753-1799)",1753-1799,Man
305082,"Copp, John","Copp, John",-,Man
349955,"Morel, --","Morel, --",-,Man
55737,"Miralles, Juan de","Miralles, Juan de (1715-1780)",1715-1780,Man
RN-ORG-0294,,,,
347331,"Bazin, --","Bazin, --",-,Man
56490,"Paradise, John","Paradise, John (1743-1795)",1743-1795,Man
327577,"Jones, William","Jones, William (b. c. 1709)",1709-,Man
53738,"Hunter, Elijah","Hunter, Elijah (1749-1815)",1749-1815,Man
RN-ORG-0176,,,,
RN-PER-0199,,,,
51291,"De Lancey, Margaret Allen","De Lancey, Margaret Allen (d. 1827)",-1827,Woman
348477,"Faure, Phillip","Faure, Phillip",-,Man
49403,"Bowen, Thomas Bartholomew","Bowen, Thomas Bartholomew (1742-1804)",1742-1804,Man
48890,"Bartholomew, Benjamin","Bartholomew, Benjamin (1752-1812)",1752-1812,Man
266274,"Pinckney, Sarah (Sally) Middleton","Pinckney, Sarah (Sally) Middleton",1756-1784,Woman
267497,"Pitcairn, John","Pitcairn, John (major)",-,Man
350904,"Torris, John","Torris, John",-,Man
365701,"Bowers, Daniel","Bowers, Daniel",-,Man
RN-ORG-0077,,,,
59421,"Visscher, John","Visscher, John (d. 1821)",-1821,Man
56578,"Patterson, Samuel","Patterson, Samuel (1734-1785)",1734-1785,Man
151329,Will,Will (slave; Mr. Chamberlayne's),-,Man
348934,"Hardoüin, Mr.","Hardoüin, Mr.",-,Man
266984,"Peale, James","Peale, James",-,Man
RN-ORG-0363,,,,
RN-ORG-0309,,,,
243803,"Brooks, David","Brooks, David (1756-1838)",1756-1838,Man
RN-PER-0237,,,,
246045,"Christie, James","Christie, James (c. 1730-1803)",1730-1803,Man
350817,"Séqueville, François-Pierre de","Séqueville, François-Pierre de",1725-1793,Man
50413,"Chrystie, James","Chrystie, James (1750-1807)",1750-1807,Man
57981,"Shelby, Evan","Shelby, Evan (1720-1794)",1720-1794,Man
52267,"Frelinghuysen, Frederick","Frelinghuysen, Frederick (1753-1804)",1753-1804,Man
238874,"Adams, Joseph","Adams, Joseph (USS Alliance)",-,Man
350181,"Peirce, Jeremiah, Jr.","Peirce, Jeremiah, Jr.",1751-1799,Man
348298,"Dubourgneuf, Mr.","Dubourgneuf, Mr.",-,Man
347705,"Byrne, Edward","Byrne, Edward",-,Man
56769,"Pettingill, Joseph","Pettingill, Joseph (1741-1785)",1741-1785,Man
54305,"Klauman, Christian Charles de","Klauman, Christian Charles de (b. 1740)",1740-,Man
54207,"Kendrick, John, Sr.","Kendrick, John, Sr. (1740-1794)",1740-1794,Man
RN-ORG-0244,,,,
57853,"Scudder, William","Scudder, William",-,Man
51361,"De Witt, Simeon","De Witt, Simeon (1756-1834)",1756-1834,Man
239841,"Alexander, Alexander John","Alexander, Alexander John (London merchant)",-,Man
RN-PER-0770,,,,
348623,"Freëý, Mrs. Parien de","Freëý, Mrs. Parien de",-,Woman
57990,"Shepherd, David","Shepherd, David (1734-1795)",1734-1795,Man
52600,"Goodrich, William","Goodrich, William (b. 1742)",1742-,Man
RN-BUS-0081,,,,
301932,"Frey, Joseph-Pierre-Charles, baron de","Frey, Joseph-Pierre-Charles, baron de",1740-1796,Man
58230,"Smith, Meriwether","Smith, Meriwether (1730-1790)",1730-1790,Man
RN-PER-0206,,,,
365553,"Green, John","Green, John (commander of the Queen of France)",-,Man
55291,"Massie, Thomas","Massie, Thomas (1747-1834)",1747-1834,Man
RN-BUS-0057,,,,
RN-PER-0564,,,,
RN-PER-0348,,,,
RN-PER-0347,,,,
277530,"Whiting, Thomas","Whiting, Thomas (1712-1781)",1712-1781,Man
247182,"Coffin, Alexander","Coffin, Alexander",1740-1839,Man
274240,"Taylor, Craddock","Taylor, Craddock",1754-,Man
RN-PER-0830,,,,
350989,"Vausenville, Alexandre-Henry-Guillaume le Roberger de","Vausenville, Alexandre-Henry-Guillaume le Roberger de",-,Man
262284,"Montfort de Prat, Julius, “comte” de","Montfort de Prat, Julius, “comte” de (Jean-Antoine-Justin Prat)",1751-,Man
53237,"Hay, John","Hay, John (1757-1809)",1757-1809,Man
349605,"Lucas, Henry","Lucas, Henry",-,Man
RN-ORG-0005,,,,
299717,"Hopkins, James","Hopkins, James (1763-1826)",1763-1826,Man
348000,"Corrick, James","Corrick, James",-,Man
51619,"Dunlap, John","Dunlap, John (1747-1812)",1747-1812,Man
263097,"Moffett, David","Moffett, David",-,Man
RN-PER-0775,,,,
48638,"Aupaumut, Hendrick","Aupaumut, Hendrick (1757-1830)",1757-1830,Man
365452,"Davison, Samuel","Davison, Samuel",1739-,Man
300430,"West, Thomas","West, Thomas (1716-1792)",1716-1792,Man
347433,"Bessel, Frederick Guillaume de","Bessel, Frederick Guillaume de",1734-,Man
246470,"Collins, Charles","Collins, Charles (1773-1845)",1773-1845,Man
259587,"Littlefield, Noah Moulton","Littlefield, Noah Moulton",1728-1821,Man
56957,"Popkin, John","Popkin, John (1743-1827)",1743-1827,Man
RN-PER-0466,,,,
347435,"Besson, George Leopold","Besson, George Leopold",-,Man
RN-PER-0555,,,,
RN-PER-0708,,,,
347169,"Antes, John","Antes, John",1740-1811,Man
350704,"Speakman, Richard","Speakman, Richard",-,Man
49468,"Bradford, Gamaliel","Bradford, Gamaliel (1731-1807)",1731-1807,Man
56253,"Nixon, Thomas","Nixon, Thomas (1736-1800)",1736-1800,Man
50335,"Chase, Thomas","Chase, Thomas (d. 1787)",1739-1787,Man
347621,"Brig, John","Brig, John",-,Man
53643,"Howell, Joseph","Howell, Joseph (1719-1790)",1719-1790,Man
RN-ORG-0373,,,,
56340,"Ogden, Uzal","Ogden, Uzal (1744-1822)",1744-1822,Man
RN-PER-0176,,,,
RN-PER-0585,,,,
RN-PER-0724,,,,
365591,"Hill, Samuel","Hill, Samuel (surgeon of the Drake)",-,Man
RN-ORG-0090,,,,
58938,"Thompson, James","Thompson, James (1729-1790, Merchant)",1729-1790,Man
RN-PER-0316,,,,
255698,"Henderson, John","Henderson, John (1737–1787)",1737-1787,Man
RN-ORG-0144,,,,
RN-PER-0235,,,,
348132,"Decambray, Mr.","Decambray, Mr.",-,Man
349793,"McCraken, John","McCraken, John",-,Man
55704,"Miller, Joseph","Miller, Joseph (1757-1825)",1757-1825,Man
RN-PER-0160,,,,
51495,"Douw, Volckert Pieterse","Douw, Volckert Pieterse (1720-1801)",1720-1801,Man
RN-BUS-0056,,,,
273390,"Temple, Elizabeth Bowdoin","Temple, Elizabeth Bowdoin (1769-1825, daughter of John)",1769-1825,Woman
256302,"Hamilton, Henry","Hamilton, Henry (1734-1796)",1734-1796,Man
349424,"Le Breton de La Loutière, Amable-Louis-François","Le Breton de La Loutière, Amable-Louis-François",1708-1779,Man
RN-PER-0662,,,,
365569,"Gale, Moses","Gale, Moses",-,Man
303668,"Nicoll, Leonard D.","Nicoll, Leonard D.",-,Man
RN-PER-0762,,,,
347221,"Auer, Deacon M.","Auer, Deacon M.",-,Man
255735,"Hervey, Frederick Augustus, fourth earl of Bristol","Hervey, Frederick Augustus, fourth earl of Bristol (1730-1803)",1730-1803,Man
347377,"Bellew, Sir Patrick","Bellew, Sir Patrick",-,Man
250680,"French, --","French, -- (captain, of the Mary Amilia)",-,Man
RN-PER-0203,,,,
RN-PER-0832,,,,
365799,"Parry, Thomas","Parry, Thomas",-,Man
54374,"La Luzerne, Anne-César, chevalier de","La Luzerne, Anne-César, chevalier de (1741-1791)",1741-1791,Man
48797,"Barbé-Marbois, François","Barbé-Marbois, François (1745-1837)",1745-1837,Man
347237,"Aycard, Mr.","Aycard, Mr.",-1790,Man
365441,"Crawford, John","Crawford, John (prisoner)",-,Man
RN-PER-0241,,,,
RN-PER-0578,,,,
56762,"Peters, William","Peters, William (1702-1789)",1702-1789,Man
51902,"Fairfax, Sarah","Fairfax, Sarah (Sally) Cary (1730-1811)",1730-1811,Woman
274008,"Townsend, Robert","Townsend, Robert (1753-1838, alias Samuel Culper, Jr.)",1753-1838,Man
273344,"Tabor, Samuel","Tabor, Samuel (of Rotterdam)",-,Man
365755,"Burgess, Vachel","Burgess, Vachel (1756-1824)",1756-1824,Man
274440,"Todd, John","Todd, John (1719-1793)",1719-1793,Man
RN-PER-0574,,,,
301506,"Fleury, Latour Longnevoué, marquise de","Fleury, Latour Longnevoué, marquise de",-,Woman
59049,"Todd, John, Jr.","Todd, John, Jr. (1750-1782)",1750-1782,Man
348037,"Cramer, Philibert","Cramer, Philibert",-,Man
350014,"Nairne, Richard","Nairne, Richard",-,Man
348157,"Delon-Cramer, Claire","Delon-Cramer, Claire",-,Woman
RN-ORG-0115,,,,
RN-PER-0026,,,,
RN-PER-0376,,,,
365699,"Booker, Samuel","Booker, Samuel (1758-1847)",1758-1847,Man
350779,"Strange, Isabella","Strange, Isabella",-,Woman
55567,"Mead, Matthew","Mead, Matthew (1736-1816)",1736-1816,Man
RN-PER-0321,,,,
49933,"Cabell, Samuel Jordan","Cabell, Samuel Jordan (1756-1818)",1756-1818,Man
348425,"Epp, Charles","Epp, Charles",-,Man
52908,"Haldimand, Frederick","Haldimand, Frederick (1718-1791)",1718-1791,Man
350370,"Rattier, Mr.","Rattier, Mr.",-,Man
55208,"Marshall, John","Marshall, John (1755-1835)",1755-1835,Man
265030,"Nolin, Abbé","Nolin, Abbé",-,Man
349620,"Luscombe, Roger","Luscombe, Roger",-,Man
RN-PER-0244,,,,
247321,"Corbin, George","Corbin, George (colonel)",1744-1793,Man
49045,"Belden, Ezekiel Porter","Belden, Ezekiel Porter (1756-1824)",1756-1824,Man
251058,"Forsyth, Robert","Forsyth, Robert (1754-1794, U.S. marshal)",1754-1794,Man
243464,"Blackwell, George","Blackwell, George (captain)",-,Man
49458,"Brackenridge, Hugh Henry","Brackenridge, Hugh Henry (1748-1816)",1748-1816,Man
240448,"Belton, Jonas","Belton, Jonas",-,Man
349345,"Lamoignon, Marie-Elisabeth de","Lamoignon, Marie-Elisabeth de (née Agathe-François)",1723-,Woman
261807,"McCloud (McLeod), William","McCloud (McLeod), William",1732-,Man
350366,"Raredon, Bartholomew","Raredon, Bartholomew",-,Man
347887,"Chezaulx, Jean-Etienne de","Chezaulx, Jean-Etienne de",-,Man
251746,"FitzGerald, Thomas","FitzGerald, Thomas (of Del.)",-,Man
365621,"Macpherson, Duncan","Macpherson, Duncan",1750-1817,Man
347439,"Bett, William","Bett, William",-,Man
365753,"Brownlee, William","Brownlee, William (1730-1799)",-,Man
54291,"Kirk, Robert","Kirk, Robert (d. 1828)",-1828,Man
54680,"Lewis, Betty Washington","Lewis, Betty Washington (1733-1797)",1733-1797,Woman
347977,"Conyngham, Ann Hockley","Conyngham, Ann Hockley",1756-1811,Woman
56165,"Nesbitt, Jonathan","Nesbitt, Jonathan (d. 1783)",-1783,Man
RN-PER-0126,,,,
243062,"Bailly, Jean Sylvain","Bailly, Jean Sylvain (1736-1793)",1736-1793,Man
348122,"Dawe, John","Dawe, John",-,Man
349744,"Martinelli, Vincenzio","Martinelli, Vincenzio",1702-1785,Man
350354,"Rabŷ du Moreau, M.","Rabŷ du Moreau, M.",-,Man
349773,"Maussallé, Mr.","Maussallé, Mr.",-,Man
RN-PER-0111,,,,
241595,"de Bois (de Boy), Pierre-François","de Bois (de Boy), Pierre-François",1737-1793,Man
56020,"Mountflorence, James Cole","Mountflorence, James Cole (1745-1820)",1745-1820,Man
255600,"Hart, Elisha","Hart, Elisha",-,Man
348068,"Cuming, James","Cuming, James",-,Man
304418,"Geddis (Geddes), George","Geddis (Geddes), George",-,Man
53235,"Hayes, Samuel","Hayes, Samuel (1728-1811)",1728-1811,Man
351027,"Villequier, Louis-Alexandre-Céleste d'Aumont, duc de","Villequier, Louis-Alexandre-Céleste d'Aumont, duc de",1736-1814,Man
RN-PER-0669,,,,
268066,"Ryan, Luke","Ryan, Luke (captain, of the Cologne)",-,Man
RN-BUS-0084,,,,
50654,"Colfax, William","Colfax, William (1756-1838)",1756-1838,Man
58107,"Skinner, Abraham","Skinner, Abraham (1755-1826)",1755-1826,Man
RN-PER-0353,,,,
52272,"French, George","French, George (1751-1824)",1751-1824,Man
55305,"Mathews, George","Mathews, George (1739 to 1812)",1739-1812,Man
RN-PER-0491,,,,
365480,"Ackerman, Abraham","Ackerman, Abraham",-,Man
55306,"Mathews, John","Mathews, John (1744-1802)",1762-1806,Man
246594,"Coit, Wheeler","Coit, Wheeler",-,Man
RN-PER-0225,,,,
347488,"Blunt, Charles William","Blunt, Charles William",1731-1802,Man
RN-ORG-0341,,,,
53202,"Hatfield, Moses","Hatfield, Moses (1737-1810)",1737-1810,Man
57298,"Remsen, Henry","Remsen, Henry (1736-1792)",1736-1792,Man
129731,"Stuart, Anne","Stuart, Anne (1746-1819)",1746-1819,Woman
348055,"Crossley, Adam","Crossley, Adam",-,Man
271464,"Swartwout, Jacobus","Swartwout, Jacobus",-,Man
347635,"Brocklesby, Richard","Brocklesby, Richard",1722-1797,Man
RN-PER-0198,,,,
52646,"Gouvion, Jean-Baptiste de","Gouvion, Jean-Baptiste de (1747-1792)",1747-1792,Man
49922,"Byrd, Mary Willing","Byrd, Mary Willing (1740-1814)",1740-1814,Woman
274249,"Taylor, Francis","Taylor, Francis (1747-1799)",1747-1799,Man
56444,"Page, Mann","Page, Mann (c.1718-1781)",1718-1781,Man
269732,Sampson,"Sampson (Samson), Simeon (captain, Mass. Navy)",-,Man
260705,"Lenoir, Jean Charles Pierre","Lenoir, Jean Charles Pierre",1732-1807,Man
275236,"Varage, Joseph","Varage, Joseph (captain, of Le Cerf)",-,Man
263945,"Méchain, Pierre François André","Méchain, Pierre François André (1744-1804)",1744-1804,Man
RN-ORG-0241,,,,
244256,"Chavagnes, Bidé de","Chavagnes, Bidé de (captain, of La Sensible)",-,Man
348905,"Haag, Jean","Haag, Jean",-,Man
248252,"Digges, Joseph","Digges, Joseph",-1779,Man
58058,"Simcoe, John Graves","Simcoe, John Graves (1752-1806)",1752-1806,Man
347787,"Cashinberry, Peter","Cashinberry, Peter",-,Man
349393,"Laurence, Henry","Laurence, Henry",-,Man
RN-PER-0005,,,,
49442,"Boyd, William","Boyd, William (1757-1807)",1757-1807,Man
RN-PER-0396,,,,
263471,"Mitchell, George","Mitchell, George (Del.)",-,Man
49418,"Bowman, John","Bowman, John (1746-1807)",1746-1807,Man
RN-ORG-0126,,,,
RN-BUS-0087,,,,
253482,Gálvez,"Gálvez (Galvis), Bernardo de (1746-1786)",1746-1786,Man
RN-PER-0240,,,,
51701,"Edwards, Evan","Edwards, Evan (1752-1798)",1752-1798,Man
317841,"White, James","White, James (b. c. 1719)",1719-,Man
49027,"Bedkin, Henry","Bedkin, Henry (d. 1789)",-1789,Man
RN-ORG-0293,,,,
275965,"Wendell, Oliver","Wendell, Oliver (1733-1818)",1733-1818,Man
51422,"Ivernois, François d'","Ivernois, François d' (1757-1842)",1757-1842,Man
RN-PER-0398,,,,
57852,"Scudder, Nathaniel","Scudder, Nathaniel (1733-1781)",1733-1781,Man
350577,"Sanlecque, Veuve Marie Del de","Sanlecque, Veuve Marie Del de",-,Woman
55831,"Moody, Benjamin","Moody, Benjamin (d. 1784)",-1784,Man
49650,"Brown, Benjamin","Brown, Benjamin (1745-1821, of Leicester, Mass.)",1745-1821,Man
349136,"Jimison, James","Jimison, James",-,Man
50438,"Claiborne, Richard","Claiborne, Richard (1755-1818)",1755-1818,Man
347397,"Berger, J. C. de","Berger, J. C. de",-,Man
348190,"Deslandes, Pierre Delaunay","Deslandes, Pierre Delaunay",1722-1803,Man
365595,"Hodgson, William","Hodgson, William (1725-1784)",1725-1784,Man
48757,"Ballard, William Hudson","Ballard, William Hudson (1740-1814)",1740-1814,Man
53066,"Harding, Seth","Harding, Seth (1734-1814)",1734-1814,Man
351186,"Yarnold, --","Yarnold, --",-,Man
347364,"Beerenbroek, Arnold-Barthélemy","Beerenbroek, Arnold-Barthélemy",1751-1824,Man
51853,"Evans, John","Evans, John (1728-1783)",1728-1783,Man
305440,"Campbell, Patrick","Campbell, Patrick",-,Man
51711,"Edwards, Thomas","Edwards, Thomas (1735-1794)",1735-1794,Man
59228,"Tyler, John","Tyler, John (1721-1804)",1721-1804,Man
59587,"Warner, Seth","Warner, Seth (1743-1784)",1743-1784,Man
57846,"Scott, Thomas","Scott, Thomas (1739-1796)",1739-1796,Man
347863,"Chaumont, Jean-Pierre de","Chaumont, Jean-Pierre de",1739-1783,Man
RN-BUS-0068,,,,
267556,"Pontdevaux, Comte de","Pontdevaux, Comte de",-,Man
348247,"Dowlin, Patrick","Dowlin, Patrick",-,Man
RN-PER-0551,,,,
255653,"Hayne, Isaac","Hayne, Isaac (d. 1781)",-1781,Man
240517,"Bishop, John","Bishop, John (1722-1791, husband of Abigail Tufts)",1722-1791,Man
RN-PER-0725,,,,
53610,"Houston, William Churchill","Houston, William Churchill (1746-1788)",1746-1788,Man
259103,"Lovell, Mary Middleton","Lovell, Mary Middleton (wife of James)",-,Woman
258821,"L'Air de Lamotte, Jean","L'Air de Lamotte, Jean (secy. of Benjamin Franklin)",-,Man
57381,"Ridout, John","Ridout, John (1732-1797)",1732-1797,Man
49011,"Beckley, John","Beckley, John (1757-1807)",1757-1807,Man
53337,"Henry, James","Henry, James (1731-1804)",1731-1804,Man
277030,"Willson, John","Willson, John",-,Man
49397,"Bowen, Jabez","Bowen, Jabez (1739-1815)",1739-1815,Man
54367,"Lagoanere, Michel","Lagoanere, Michel",-,Man
51182,"Davies, William","Davies, William (b. 1749)",1749-,Man
244179,Cermeño,"Cermeño (Sermeño), Don Pedro Martín (gov. of Galicia)",-,Man
247715,"Detournelle, Mr.","Detournelle, Mr. (French consul at La Coruña)",-,Man
RN-PER-0626,,,,
51132,"Darby, William John","Darby, William John",-,Man
243384,"Bernstorff, Andreas Peter, Count","Bernstorff, Andreas Peter, Count (1735-1797)",1735-1797,Man
RN-BUS-0045,,,,
348957,"Hartwell, John","Hartwell, John",-,Man
55646,"Merry, Anthony","Merry, Anthony (1756-1835)",1756-1835,Man
RN-PER-0109,,,,
56034,"Mühlenberg, Henry Melchior","Mühlenberg, Henry Melchior (1711-1787)",1711-1787,Man
351171,"Woodmason, James","Woodmason, James",-,Man
54873,"Lloyd, Richard","Lloyd, Richard (c. 1717-1786)",1717-1786,Man
52985,"Hamilton, Elizabeth Schuyler","Hamilton, Elizabeth Schuyler (1757-1854)",1757-1854,Woman
RN-PER-0693,,,,
348622,"Frey, Mr. de","Frey, Mr. de",-,Man
348769,"Noailles, Wilhelmina von Mosheim Golowkin, comtesse de","Noailles, Wilhelmina von Mosheim Golowkin, comtesse de",-1823,Woman
RN-PER-0595,,,,
258531,"Kinloch, Francis","Kinloch, Francis (1755-1826)",1755-1826,Man
56087,"Muter, George","Muter, George (1730-1811)",1730-1811,Man
RN-PER-0288,,,,
59950,"White, Thomas","White, Thomas (b. 1728, b. c. 1727)",1728-,Man
RN-BUS-0041,,,,
RN-ORG-0370,,,,
RN-PER-0097,,,,
RN-PER-0193,,,,
49421,"Bowman, Nathaniel","Bowman, Nathaniel (d. 1788)",-1788,Man
RN-ORG-0114,,,,
RN-BUS-0032,,,,
48546,"Arell, David","Arell, David (1740-1793)",1740-1793,Man
60188,"Witherspoon, John","Witherspoon, John (1723-1794)",1723-1794,Man
RN-PER-0461,,,,
57292,"Reid, James Randolph","Reid, James Randolph (1750-1789)",1750-1789,Man
50850,"Coxe, Tench","Coxe, Tench (1755-1824)",1755-1824,Man
59105,"Traversie, Joseph","Traversie, Joseph (1728-1806)",1728-1806,Man
252520,"Gill, Joseph Louis","Gill, Joseph Louis (Magouaouidombaouit; Abenaki leader)",1719-1798,Man
261345,"Montbarey, Alexandre Marie Léonor de Saint-Mauris, Prince de","Montbarey, Alexandre Marie Léonor de Saint-Mauris, Prince de (1732-1796, French minister of war)",1732-1796,Man
57671,"Russell, Thomas","Russell, Thomas (1740-1796)",1740-1796,Man
RN-PER-0810,,,,
RN-BUS-0049,,,,
RN-BUS-0010,,,,
253850,"Grimm, Friedrich Melchior, Baron von","Grimm, Friedrich Melchior, Baron von",1723-1807,Man
338945,"Harleston, Isaac Child","Harleston, Isaac Child (1743-1798)",1743-1798,Man
347232,"Auzoüer, Mr., marquis d'","Auzoüer, Mr., marquis d'",-,Man
350438,"Rinquin, --","Rinquin, --",-,Man
350373,"Rayber, Mr. de","Rayber, Mr. de",-,Man
RN-ORG-0171,,,,
55241,"Martin, Joseph","Martin, Joseph (1740-1808)",1740-1808,Man
53759,"Huntington, Ebenezer","Huntington, Ebenezer (1754-1834)",1754-1834,Man
RN-PER-0377,,,,
348850,"Grinnell, Moses","Grinnell, Moses",-,Man
RN-PER-0799,,,,
253484,"Galvez y Gallardo, José de, Marqués of Sonora","Galvez y Gallardo, José de, Marqués of Sonora (1720-1787)",1720-1787,Man
49836,"Burnet, Ichabod","Burnet, Ichabod (1756-1783)",1756-1783,Man
RN-PER-0628,,,,
57918,"Sewall, Henry","Sewall, Henry (1752-1845)",1752-1845,Man
RN-PER-0278,,,,
348137,"Dehez, Bernard","Dehez, Bernard",-,Man
347463,"Birrell, Robert","Birrell, Robert",-,Man
300907,"Smith, Daniel","Smith, Daniel (1729-1799)",1729-1799,Man
52907,"Hait, Joseph","Hait, Joseph (1725-1820)",1725-1820,Man
RN-BUS-0023,,,,
245447,"Condict, Silas","Condict, Silas (1738-1801)",1738-1801,Man
275372,"Van Rensselaer, Margaret (“Peggy”) Schuyler","Van Rensselaer, Margaret (“Peggy”) Schuyler",1758-,Woman
51780,"Ely, John","Ely, John (1737-1800)",1737-1800,Man
RN-ORG-0245,,,,
RN-PER-0672,,,,
273503,"Tolmond, Thomas","Tolmond, Thomas",-,Man
RN-PER-0732,,,,
59213,"Turner, Philip","Turner, Philip (1740-1815)",1740-1815,Man
RN-ORG-0127,,,,
254108,"Heimenthal, Baron de","Heimenthal, Baron de",-,Man
RN-PER-0022,,,,
RN-PER-0681,,,,
347838,"Chantereyne, M. de","Chantereyne, M. de",-,Man
349417,"Laënnec, Th. M.","Laënnec, Th. M.",-,Man
RN-ORG-0382,,,,
54807,"Littlepage, Lewis","Littlepage, Lewis (1762-1802)",1762-1802,Man
RN-BUS-0072,,,,
58668,"Stuart, John","Stuart, John (1749-1823)",1749-1823,Man
RN-ORG-0058,,,,
RN-ORG-0211,,,,
260804,"Linctot (Lanctot, Lintot), Daniel Maurice Godefroy de","Linctot (Lanctot, Lintot), Daniel Maurice Godefroy de",1740-1783,Man
349990,"Mullin, James","Mullin, James",-,Man
RN-PER-0122,,,,
277654,"Winder, Levin","Winder, Levin",1757-1819,Man
347979,"Cooke, Richard Donaldson","Cooke, Richard Donaldson",-,Man
55785,"Monino y Redondo, Jose Conde de Floridablanca","Monino y Redondo, Jose Conde de Floridablanca (1728-1808)",1728-1808,Man
RN-PER-0840,,,,
253555,"Geismar, Friedrich Wilhelm, Baron von","Geismar, Friedrich Wilhelm, Baron von",1751-,Man
349182,"Keiser, --","Keiser, --",-,Man
351068,"Walsh, Dennis","Walsh, Dennis",-,Man
56859,"Pintard, Lewis","Pintard, Lewis (1732-1818)",1732-1818,Man
348273,"Du Marquet, Mr.","Du Marquet, Mr.",-,Man
RN-PER-0015,,,,
275188,"Ussieux, Louis d’","Ussieux, Louis d’ (1744-1805)",1744-1805,Man
RN-BUS-0059,,,,
347629,"Briqueville de La Luzerne, --","Briqueville de La Luzerne, --",-,Man
RN-BUS-0064,,,,
59078,"Tott, François, baron de","Tott, François, baron de (1733-1793)",1733-1793,Man
302855,"Ward, Bernard","Ward, Bernard",-,Man
50428,"Cilley, Joseph, Jr.","Cilley, Joseph, Jr. (1734-1799)",1734-1799,Man
266556,"Putnam, Daniel","Putnam, Daniel (1759-1831)",1759-1831,Man
347723,"Caccia, Mr.","Caccia, Mr.",-,Man
347430,"Besongne, Jacques-Jean","Besongne, Jacques-Jean",-,Man
275893,"Watson, Elkanah","Watson, Elkanah (1732-1804)",1732-1804,Man
349319,"Lafitte, Leonard","Lafitte, Leonard",-,Man
56730,"Perkins, William","Perkins, William (1742-1802)",1742-1802,Man
252111,"Goësbriand (Groisbriand), Chevalier de","Goësbriand (Groisbriand), Chevalier de",-,Man
RN-PER-0611,,,,
350690,"Sonnemaens, M. A. de","Sonnemaens, M. A. de",-,Woman
350423,"Richard, Pierre","Richard, Pierre",-,Man
276258,Wulffen,"Wulffen (Wolfen), Johann Heinrich, Baron de (German officer)",-,Man
58445,"Starr, Josiah","Starr, Josiah (1740-1813)",1740-1813,Man
52215,"Francis, John","Francis, John (1763-1796; Merchant)",1763-1796,Man
RN-PER-0107,,,,
305419,"Gordon, Cosmo","Gordon, Cosmo",-,Man
304096,"Norton, Chapel","Norton, Chapel",-,Man
259343,"Leavenworth, Eli","Leavenworth, Eli (1748-1819)",1748-1819,Man
350501,"Ross, Samuel","Ross, Samuel",-,Man
RN-PER-0540,,,,
52509,"Gilman, Jeremiah","Gilman, Jeremiah (1740-1823)",1740-1823,Man
RN-PER-0388,,,,
RN-ORG-0246,,,,
259980,LeGras,"LeGras (Legrace), Jean Marie Philippe (1740-1788)",1740-1788,Man
54020,"Johnson, Jonathan","Johnson, Jonathan (1737-1815, 2)",1737-1815,Man
271398,"Stuart, Christopher","Stuart, Christopher",-,Man
48494,"Angély, François-Marie, baron [d']","Angély, François-Marie, baron [d'] (1735-1808)",1735-1808,Man
268014,"Rousseau, Jean-Jacques","Rousseau, Jean-Jacques (1712-1778, philosopher)",1712-1778,Man
348590,"Fowler, Peter","Fowler, Peter",-,Man
48399,"Allen, Jeremiah","Allen, Jeremiah (of Boston, MA)",-,Man
RN-PER-0028,,,,
256815,"Hubbard, Nehemiah","Hubbard, Nehemiah (1752-1837)",1752-1837,Man
48794,"Banks, Joseph","Banks, Joseph (1743-1820)",1743-1820,Man
347466,"Blackit, Peter","Blackit, Peter",-,Man
350517,"Roussille, Pierre","Roussille, Pierre",-,Man
258388,"Knap, Moses","Knap, Moses",-,Man
298433,"Allinson, Samuel","Allinson, Samuel (1730-1791)",1730-1791,Man
260438,"La Porte, Arnaud de","La Porte, Arnaud de (1737-1792)",1737-1792,Man
257110,"Irving, Paulus Æmilius","Irving, Paulus Æmilius (1749-1828)",1749-1828,Man
348238,"Dorsett, William","Dorsett, William",-,Man
57382,"Ridout, Thomas","Ridout, Thomas (1754-1829)",1754-1829,Man
60389,Zollickoffer,"Zollickoffer (Zollicofer), John Conrad (1742-1796)",1742-1796,Man
242932,"Bellamy, Joseph","Bellamy, Joseph",-,Man
52158,"Forrest, Uriah","Forrest, Uriah (1756-1805)",1756-1805,Man
244072,"Cabarrus Jeune, B. de","Cabarrus Jeune, B. de (Bordeaux merchant)",-,Man
240047,"Andrews, Samuel","Andrews, Samuel (1737-1818)",1737-1818,Man
348154,"Delleville, Philippe de","Delleville, Philippe de",-,Man
349131,"Jennings, Theobald","Jennings, Theobald",-,Man
49095,"Bentham, Jeremy","Bentham, Jeremy (1748-1832)",1748-1832,Man
350430,"Ricot, --","Ricot, -- (official at St. Valery sur Somme)",-,Man
RN-ORG-0250,,,,
55222,"Marsh, Joseph","Marsh, Joseph (1726-1811)",1726-1811,Man
56027,"Moylan, John","Moylan, John (d. 1798)",-1798,Man
56164,"Nesbitt, John Maxwell","Nesbitt, John Maxwell (c.1730-1802)",1730-1802,Man
348381,"Eckhardt, Anton Georg","Eckhardt, Anton Georg",1740-1810,Man
57817,"Schuyler, Catherine Van Rensselaer","Schuyler, Catherine Van Rensselaer (1734-1803)",1734-1803,Woman
54886,"Logan, George","Logan, George (1753-1821)",1753-1821,Man
48435,"Allison, John","Allison, John (1745-1803)",1745-1803,Man
RN-PER-0317,,,,
56224,"Nicholson, James","Nicholson, James (1736-1804)",1736-1804,Man
55758,"Moeballe, Nicholas George","Moeballe, Nicholas George",-,Man
249703,"Duvivier, Pierre Simon Benjamin","Duvivier, Pierre Simon Benjamin",-,Man
267045,"Prost de Royer, Antoine François","Prost de Royer, Antoine François (1729-1784)",1729-1784,Man
269157,"Robertson, David","Robertson, David (Dinwiddie)",-,Man
348353,"Durey de Meinières, Octavie Guichard","Durey de Meinières, Octavie Guichard",1719-1804,Woman
RN-PER-0758,,,,
350098,"Ostervald, Frédéric-Samuel","Ostervald, Frédéric-Samuel",1713-1795,Man
347529,"Bosset Deluze, Abraham","Bosset Deluze, Abraham",1731-1831,Man
349518,"Lesage, Auguste","Lesage, Auguste",-,Man
320122,"Watson, James","Watson, James (b. c. 1754)",1754-,Man
RN-PER-0426,,,,
52191,"Foulke, John","Foulke, John (1757-1796)",1757-1796,Man
347125,"Alexander, Bethia","Alexander, Bethia",-,Woman
300353,"Roberts, Hugh","Roberts, Hugh (1745-1821)",1745-1821,Man
RN-PER-0515,,,,
RN-PER-0563,,,,
59431,"Vose, Elijah","Vose, Elijah (1745-1822)",1745-1822,Man
240639,"Bowens, François-Jacques-Arnould","Bowens, François-Jacques-Arnould (Francis)",1741-,Man
RN-ORG-0035,,,,
60240,"Woodruff, Isaac","Woodruff, Isaac (1722-1803)",1722-1803,Man
RN-PER-0601,,,,
RN-PER-0383,,,,
RN-ORG-0345,,,,
305636,"Carleton, Osgood","Carleton, Osgood",-,Man
58911,"Thomas, Charles","Thomas, Charles",-,Man
349875,"Millon, Charles-Blaise-Léon","Millon, Charles-Blaise-Léon",1754-1839,Man
RN-ORG-0164,,,,
55629,"Meredith, Margaret Cadwalader","Meredith, Margaret Cadwalader (1748-1820)",1748-1820,Woman
RN-ORG-0082,,,,
338204,"McMahon, John","McMahon, John (1754-1817)",1754-1817,Man
251153,"Fraser, Hugh","Fraser, Hugh",-,Man
49094,"Bentalou, Paul","Bentalou, Paul (1754-1826)",1754-1826,Man
347129,"Allaire, Julien-Pierre","Allaire, Julien-Pierre",1742-1816,Man
RN-PER-0572,,,,
51443,"Dohrman, Arnold Henry","Dohrman, Arnold Henry (1749-1813)",1749-1813,Man
127921,"Wheeler, John","Wheeler, John (sailor)",-,Man
RN-PER-0828,,,,
RN-ORG-0165,,,,
244034,"Buyers, John","Buyers, John",-,Man
59600,"Warren, Winslow","Warren, Winslow (1759-1791)",1759-1791,Man
RN-PER-0746,,,,
262210,"Milne, James","Milne, James",-,Man
RN-ORG-0406,,,,
50084,"Carleton, Joseph","Carleton, Joseph (1754-1812)",1754-1812,Man
54446,"Le Vassor, Louis-René Magdelain,","Le Vassor, Louis-René Magdelain, (1745-1804, Comte de La Touche-Tréville)",1745-1804,Man
57772,"Savage, Abijah","Savage, Abijah (1744-1825)",1744-1825,Man
59200,"Turnbull, William","Turnbull, William (1751-1822)",1751-1822,Man
57662,"Russell, James","Russell, James (1707-1788)",1707-1788,Man
255533,"Hanbury, Osgood","Hanbury, Osgood (1731-1784)",1731-1784,Man
RN-PER-0138,,,,
53927,"Jameson, David","Jameson, David (1752-1839)",1752-1839,Man
272854,"Sinclair, Alexander","Sinclair, Alexander",-,Man
RN-PER-0061,,,,
55871,"Moore, Thomas Lloyd","Moore, Thomas Lloyd (1759-1813)",1759-1813,Man
53718,"Humphreys, David","Humphreys, David (1752-1818)",1752-1818,Man
48451,"Ambler, Jaquelin","Ambler, Jaquelin (1742-1798)",1742-1798,Man
RN-ORG-0088,,,,
RN-ORG-0297,,,,
305405,"Hoffman, Alida Livingston Hansen","Hoffman, Alida Livingston Hansen (Mrs. Martin)",-1790,Woman
264725,"Nash, Abner","Nash, Abner (1740-1786)",1740-1786,Man
RN-ORG-0163,,,,
RN-PER-0494,,,,
350383,"Reallon, Joachim","Reallon, Joachim",-,Man
RN-PER-0760,,,,
263922,"McMurray, William","McMurray, William",-,Man
RN-BUS-0021,,,,
RN-ORG-0084,,,,
48604,"Ashley, Moses","Ashley, Moses (1731-1791)",1731-1791,Man
RN-PER-0260,,,,
RN-ORG-0215,,,,
50403,"Choin, André-Michel-Victor, marquis de","Choin, André-Michel-Victor, marquis de (1744-1829)",1744-1829,Man
58031,"Short, William","Short, William (1759-1848)",1759-1848,Man
RN-BUS-0024,,,,
58758,"Talbot, Jeremiah","Talbot, Jeremiah (d. 1791)",-1791,Man
RN-PER-0285,,,,
RN-PER-0286,,,,
51245,"Dayton, Jonathan","Dayton, Jonathan (1760-1824)",1760-1824,Man
RN-PER-0254,,,,
264729,"Nathan, Simon","Nathan, Simon (1746-1822)",1746-1822,Man
347866,"Forbonnais, Marie-Françoise Le Ray de Chaumont de","Forbonnais, Marie-Françoise Le Ray de Chaumont de",1754-1829,Woman
RN-PER-0224,,,,
RN-PER-0259,,,,
50803,"Ethis de Corny, Louis Dominique","Ethis de Corny, Louis Dominique (1736-1790)",1736-1790,Man
350358,"Rainey, John","Rainey, John",-,Man
RN-PER-0737,,,,
259355,"Lee, Andrew","Lee, Andrew",-,Man
262768,"Marsh, Daniel","Marsh, Daniel",-1802,Man
RN-PER-0663,,,,
49618,"Brooke, George","Brooke, George (1732-1782)",1732-1782,Man
350101,"Oudermeulen, Cornelis van der","Oudermeulen, Cornelis van der",1735-1794,Man
262564,"Munday, William","Munday, William",-,Man
RN-ORG-0222,,,,
57294,"Reily, William","Reily, William (1751-1824)",1751-1824,Man
56847,"Pinckney, Elizabeth Motte","Pinckney, Elizabeth Motte (1761-1794)",1761-1794,Woman
272813,"Shuker, Thomas","Shuker, Thomas",-,Man
RN-PER-0183,,,,
RN-BUS-0085,,,,
48990,"Beall, Josias","Beall, Josias (1725-1803)",1725-1803,Man
245897,"Campbell, William","Campbell, William (1745-1781)",1745-1781,Man
RN-PER-0156,,,,
349087,"Illens, -- de","Illens, -- de",-,Man
55634,"Meredith, Samuel","Meredith, Samuel (1732-1808, born c.1731)",1732-1808,Man
302361,"Barclay, Thomas","Barclay, Thomas (1753-1830, Nova Scotia)",1753-1830,Man
RN-PER-0818,,,,
55235,"Martin, Ephraim","Martin, Ephraim (1733-1806)",1733-1806,Man
58414,"Stagg, John, Jr.","Stagg, John, Jr. (1758-1803)",1758-1803,Man
350006,"Myrick, Joseph","Myrick, Joseph",-,Man
272941,"Smith, Joshua (Joseph) Hett","Smith, Joshua (Joseph) Hett",-,Man
347677,"Budden, James","Budden, James",-1788,Man
55783,"Money, John","Money, John (1740-1817)",1740-1817,Man
49741,"Buchanan, James","Buchanan, James (1737-1787)",1737-1787,Man
RN-PER-0698,,,,
255688,"Helms, William","Helms, William (d. 1813)",-1813,Man
RN-PER-0275,,,,
258672,"Kelly, Timothy","Kelly, Timothy",-,Man
57279,"Reed, Esther De Berdt","Reed, Esther De Berdt (1747-1780)",1747-1780,Woman
350971,"Valory, Charles-Jean-Marie, marquis de","Valory, Charles-Jean-Marie, marquis de",1750-,Man
RN-PER-0280,,,,
265040,"Norris, James","Norris, James",-,Man
49516,"Brearley, David","Brearley, David (1745-1790)",1745-1790,Man
57016,"Pownall, Thomas","Pownall, Thomas (1722-1805)",1722-1805,Man
55012,"Lynch, Mark","Lynch, Mark",-,Man
347202,"Arros d'Argelos, Jean-François, baron d'","Arros d'Argelos, Jean-François, baron d' (b. 1730)",1730-,Man
57499,"Rochambeau, Jean-Baptiste Donatien de Vimeur, comte de","Rochambeau, Jean-Baptiste Donatien de Vimeur, comte de (1725-1807)",1725-1807,Man
RN-ORG-0295,,,,
238902,"Rouge, Addenet de Maison","Rouge, Addenet de Maison",-,Man
350654,"Shrowdy, Mrs. --","Shrowdy, Mrs. --",-,Woman
RN-BUS-0048,,,,
RN-PER-0475,,,,
349162,"Judlin, Alexis","Judlin, Alexis",-1810,Man
58887,"Ternay, Charles-Henri d'Arsac, chevalier de","Ternay, Charles-Henri d'Arsac, chevalier de (1723-1780)",1723-1780,Man
56368,"Olney, George","Olney, George (1745-1831)",1745-1831,Man
59912,"Whitcomb, Benjamin","Whitcomb, Benjamin (1737-1828)",1737-1828,Man
347921,"Clermont-Tonnerre, Anne-Marie-Louise Bernard de Boulainvilliers, comtesse de","Clermont-Tonnerre, Anne-Marie-Louise Bernard de Boulainvilliers, comtesse de (""Mlle de Passy"")",-1781,Woman
277065,"Wilson, Peter","Wilson, Peter (1746-1825)",1746-1825,Man
257960,"Joel, Beesly Edgar","Joel, Beesly Edgar",-,Man
347832,"Champion, --","Champion, -- (merchant)",-,Man
RN-PER-0507,,,,
350265,"Podmaniczky, Baron Joseph","Podmaniczky, Baron Joseph",1756-1823,Man
58797,"Tarlé, Benoît-Joseph de","Tarlé, Benoît-Joseph de (1735-1797)",1735-1797,Man
58394,Sproat,"Sproat (Sprout), Ebenezer (1752-1805)",1752-1805,Man
261164,McCarty,"McCarty (Macatter), Edward (captain, of the Black Princess)",-,Man
RN-ORG-0108,,,,
RN-ORG-0190,,,,
348437,"Esser, Herman","Esser, Herman",-,Man
57301,"Rendón, Francisco","Rendón, Francisco",-,Man
251249,"Furman, Moore","Furman, Moore (1728-1808)",1728-1808,Man
240104,Armistead,"Armistead (Armstead), William (commissary of stores)",1754-1793,Man
303136,"Beebe (Bebee), Bezaleel","Beebe (Bebee), Bezaleel",1741-,Man
59819,"Wells, Levi","Wells, Levi (1734-1803)",1734-1803,Man
246701,"Callaway (Calaway), James","Callaway (Calaway), James",-,Man
249476,"Dodge, John","Dodge, John",-,Man
348581,"Fouquet, Nicolas","Fouquet, Nicolas",-,Man
RN-ORG-0154,,,,
RN-PER-0452,,,,
260779,"Lewis, Samuel","Lewis, Samuel (c. 1754 - 1822)",1754-1822,Man
RN-PER-0539,,,,
343267,"Maxwell, James","Maxwell, James (1742-1814)",1742-1814,Man
RN-PER-0208,,,,
RN-PER-0465,,,,
58697,Sumter,"Sumter (Sumpter), Thomas, Sr. (1734-1832)",1734-1832,Man
52570,"Goetschius, John Mauritius","Goetschius, John Mauritius (1753-1791)",1753-1791,Man
56056,"Murnan, Jean-Bernard-Bourg Gauthier de","Murnan, Jean-Bernard-Bourg Gauthier de (1748-1796)",1748-1796,Man
53966,"Jefferson, Martha Wayles Skelton","Jefferson, Martha Wayles Skelton (1748-1782)",1748-1782,Woman
55104,"Madison, Nelly Conway","Madison, Nelly Conway (1731-1829, JM's Mother)",1731-1829,Woman
57236,"Rawdon-Hastings, Francis","Rawdon-Hastings, Francis (1754-1826, 1st Marquess of Hastings)",1754-1826,Man
50000,"Campbell, Arthur","Campbell, Arthur (1742-1811)",1742-1811,Man
RN-PER-0164,,,,
255181,"Holmes, Joseph","Holmes, Joseph (1746-1806)",1746-1806,Man
258692,"Kenny, Richard","Kenny, Richard",-,Man
RN-ORG-0234,,,,
269598,"Rose, William","Rose, William (jailer)",1734-1817,Man
264322,"Munford, William Greene","Munford, William Greene (d. 1786)",-1786,Man
255561,"Haring, John","Haring, John (1739-1809)",1739-1809,Man
48361,"Alexander, Charles","Alexander, Charles (1737-1806)",1737-1806,Man
48937,"Bauman, Sebastian","Bauman, Sebastian (1739-1803)",1739-1803,Man
RN-PER-0477,,,,
269421,"Rickman, William","Rickman, William (c. 1731-1783)",1731-1783,Man
350940,"Tucker, Jacob","Tucker, Jacob",-,Man
278210,"West, Elizabeth Shewell","West, Elizabeth Shewell (1741-1814, Mrs. Benjamin West)",1741-1814,Woman
59839,"West, Benjamin","West, Benjamin (1738-1820)",1738-1820,Man
349427,"Le Brigant, Jacques","Le Brigant, Jacques",1720-1804,Man
350273,"Poliange, Mademoiselle -- de","Poliange, Mademoiselle -- de",-,Woman
350165,"Pavara, -- de","Pavara, -- de",-,Man
RN-ORG-0262,,,,
347968,"Conkling, Joseph","Conkling, Joseph",1739-,Man
348670,"Garnier, --","Garnier, -- (applicant for commission in U.S. forces)",-,Man
348358,"Durival, Jean-Baptiste Luton","Durival, Jean-Baptiste Luton",1725-1810,Man
54998,"Luzac, Jean","Luzac, Jean (1746-1807)",1746-1807,Man
RN-PER-0489,,,,
347259,"Balliau, Philip","Balliau, Philip",-,Man
RN-PER-0064,,,,
347114,"Aillaud, Mr.","Aillaud, Mr.",-,Man
RN-PER-0825,,,,
50052,"Cannon, James","Cannon, James (1740-1782)",1740-1782,Man
57498,"Rochambeau, Donatien Marie Joseph de Vimeur, Vicomte de","Rochambeau, Donatien Marie Joseph de Vimeur, Vicomte de (1755-1813)",1755-1813,Man
57035,"Prentis, Joseph","Prentis, Joseph (1754-1809)",1754-1809,Man
RN-PER-0471,,,,
48271,"Adam, James","Adam, James (d. 1787)",-1787,Man
243072,"Baker, Evan","Baker, Evan",-,Man
RN-ORG-0083,,,,
RN-ORG-0086,,,,
49271,"Bloomfield, Moses","Bloomfield, Moses (1729-1791)",1729-1791,Man
49968,"Calkoen, Hendrik","Calkoen, Hendrik (b. 1742, Amsterdam lawyer)",1742-,Man
338108,"Clay, Ann Legardere","Clay, Ann Legardere (b. 1740)",1740-,Woman
243206,"Barron, James","Barron, James (1740-1787, captain)",1740-1787,Man
51547,"Du Buysson des Aix, Charles-François, vicomte","Du Buysson des Aix, Charles-François, vicomte (1752-1786)",1752-1786,Man
58799,"Tarleton, Banastre","Tarleton, Banastre (1754-1833)",1754-1833,Man
348531,"Fleming, Alexander","Fleming, Alexander",-,Man
300915,"Smith, Esther Hewlings","Smith, Esther Hewlings (1752-1807)",1752-1807,Woman
52486,"Giles, Edward","Giles, Edward (1759-1783)",1759-1783,Man
265623,"Pickering, Thomas","Pickering, Thomas (captain, of the Hampden)",-1779,Man
347934,"Coder, Madame Bonnes","Coder, Madame Bonnes",-,Woman
51677,"Eaton, William","Eaton, William (1764-1811)",1764-1811,Man
54058,"Johonnot, Gabriel","Johonnot, Gabriel (1748-1820)",1748-1820,Man
56147,"Nelson, John","Nelson, John (1748-1827)",1748-1827,Man
RN-PER-0718,,,,
58203,"Smith, John","Smith, John (1750-1836, of Va.)",1750-1836,Man
278447,"Wishart, William","Wishart, William",-,Man
RN-ORG-0074,,,,
RN-PER-0784,,,,
266811,"Pleasants, Thomas, III","Pleasants, Thomas, III (1757-1796)",1757-1796,Man
350368,"Rasquin, Gérard","Rasquin, Gérard",-,Man
253885,"Guichen, Luc Urbain de Bouexic, Comte de","Guichen, Luc Urbain de Bouexic, Comte de (1712-1790)",1712-1790,Man
267268,"Patton, Mr.","Patton, Mr. (Va. commissary at Baltimore)",-,Man
266652,"Peabody, Nathaniel","Peabody, Nathaniel",-,Man
52388,"Gardoqui, Diego Maria de","Gardoqui, Diego Maria de (1735-1798)",1735-1798,Man
RN-ORG-0224,,,,
RN-PER-0736,,,,
RN-ORG-0355,,,,
264797,"Nightingale, Samuel, Jr.","Nightingale, Samuel, Jr.",1741-1814,Man
57002,"Powel, Elizabeth Willing","Powel, Elizabeth Willing (d. 1830)",-1830,Woman
RN-PER-0791,,,,
RN-PER-0790,,,,
RN-PER-0379,,,,
RN-ORG-0210,,,,
238982,"André, John","André, John (1750-1780)",1750-1780,Man
240552,"Blomberg, Hendrik van","Blomberg, Hendrik van",-,Man
277816,"Wade, Nathaniel","Wade, Nathaniel (town clerk)",-,Man
338116,"Evance, Rebecca Raven","Evance, Rebecca Raven",-,Woman
347736,"Caillot, Joseph","Caillot, Joseph (1732-1816)",1732-1816,Man
54530,"Ledyard, Isaac","Ledyard, Isaac (1754-1803)",1754-1803,Man
304230,"Hubbell, Isaac","Hubbell, Isaac",-,Man
54568,"Lee, Mary Digges","Lee, Mary Digges (1745-1805)",1745-1805,Woman
50940,"Crockett, Joseph","Crockett, Joseph (1742-1829)",1742-1829,Man
RN-PER-0711,,,,
301517,"Foot, Ebenezer","Foot, Ebenezer",-,Man
50672,"Collins, Thomas","Collins, Thomas (1732-1789)",1732-1789,Man
350948,"Turini, Pierre","Turini, Pierre (Pietro)",-,Man
RN-PER-0239,,,,
56092,"Mylius, Anthony","Mylius, Anthony",-,Man
350743,"Stanley, Thomas-François","Stanley, Thomas-François",-1799,Man
57448,"Robertson, James","Robertson, James (1720-1788)",1720-1788,Man
60262,"Wooster, Thomas","Wooster, Thomas (1751-1792)",1751-1792,Man
348836,"Gregorie, David","Gregorie, David",-,Man
278523,"Woulfe, George","Woulfe, George",-,Man
49146,"Bicker, Hendrik","Bicker, Hendrik (1722-1783)",1722-1783,Man
54202,"Kemp, James","Kemp, James (1764-1827)",1764-1827,Man
RN-BUS-0047,,,,
254039,Hartley,"Hartley (Hartly), Mr. (of Hospital Island)",-,Man
347314,"Batley, John","Batley, John",-,Man
349488,"Leempoel, Guillaume-Waléric de","Leempoel, Guillaume-Waléric de",1750-,Man
347591,"Branco, --","Branco, --",-,Man
RN-PER-0135,,,,
RN-PER-0467,,,,
RN-PER-0774,,,,
RN-PER-0273,,,,
263829,"McClurg, Walter","McClurg, Walter",-,Man
51039,"Cutting, John Browne","Cutting, John Browne (1755-1831)",1755-1831,Man
53962,"Jebb, Dr. John","Jebb, Dr. John (1736-1786, Brit. physician)",1736-1786,Man
52584,"Gooch, John","Gooch, John",-,Man
54435,"La Rouërie, Thérèse de la Belinaye, comtesse de","La Rouërie, Thérèse de la Belinaye, comtesse de (1729-1808)",1729-1808,Woman
301203,"Adam, John","Adam, John (of NJ)",-,Man
260500,"Lamb (Lambe), Richard","Lamb (Lambe), Richard",-,Man
48430,"All, Isaac","All, Isaac (d. 1789)",-1789,Man
52230,"Franks, David","Franks, David (1720-c. 1794)",1720-1794,Man
50237,"Cerisier, Antoine Marie","Cerisier, Antoine Marie (1749-1828)",1749-1828,Man
54061,"Johonnot, Samuel Cooper","Johonnot, Samuel Cooper (1768-1806, son of Gabriel)",1768-1806,Man
254929,"Hendricks, John","Hendricks, John",-,Man
275269,"Verheyk, H.","Verheyk, H. (rector of Latin School, Amsterdam)",-,Man
263558,"Macquer, Pierre Joseph","Macquer, Pierre Joseph (1718-1784)",1718-1784,Man
59994,"Wild, Bartholomé","Wild, Bartholomé",-,Man
50210,"Castries, Charles-Eugène-Gabriel de La Croix, marquis de","Castries, Charles-Eugène-Gabriel de La Croix, marquis de (1727-1801)",1727-1801,Man
58719,"Swearingen, Joseph","Swearingen, Joseph (1754-1821)",1754-1821,Man
350459,"Rochambeau, Marie-Claire-Thérèse Begon, marquise de","Rochambeau, Marie-Claire-Thérèse Begon, marquise de",-1782,Woman
51312,"Denning, William","Denning, William (1740-1819)",1740-1819,Man
RN-PER-0566,,,,
301878,"Frazer, William","Frazer, William (1743-1795)",1743-1795,Man
RN-BUS-0071,,,,
269536,"Rochon, Alexis Marie de, Abbé","Rochon, Alexis Marie de, Abbé (1741-1817)",1741-1817,Man
321244,"Hill, Thomas","Hill, Thomas (captured slave, 1776-06-29)",1763-,Man
348586,"Fournier, Marie-Elisabeth Gando","Fournier, Marie-Elisabeth Gando",-,Woman
350978,"Vandenyver, Jean-Baptiste","Vandenyver, Jean-Baptiste",-,Man
351127,"Willcocks, Robert","Willcocks, Robert",-,Man
260720,"Leslie, Alexander","Leslie, Alexander (1731-1794)",1731-1794,Man
239200,"Alden, Judah","Alden, Judah (1750-1845)",1750-1845,Man
350827,"Tardiveaux, --","Tardiveaux, --",-,Man
275408,"Vanderhovan, John","Vanderhovan, John (pseudonym, ""D. Littel"")",-,Man
240632,"Bouwens, Daniël Jan","Bouwens, Daniël Jan",-,Man
249918,"Elliott, Richard","Elliott, Richard (of Brunswick County, Va.)",-,Man
RN-PER-0440,,,,
320038,"Bennett, Richard","Bennett, Richard",1755-,Man
RN-PER-0439,,,,
300443,"Ogden, John","Ogden, John (d. 1742)",-1742,Man
RN-PER-0029,,,,
264904,"Nairne, Edward","Nairne, Edward (1726-1806)",1726-1806,Man
275200,"Unger, Johann Ludwig von","Unger, Johann Ludwig von",-,Man
RN-PER-0094,,,,
RN-PER-0255,,,,
51131,"Darby, Samuel","Darby, Samuel (1737-1807)",1737-1807,Man
239166,"Addison, Henry","Addison, Henry (1717-1789)",1717-1789,Man
RN-PER-0277,,,,
264199,"Moore, James Francis","Moore, James Francis (1751-1809, captain)",1751-1809,Man
317861,"Craig, Thomas","Craig, Thomas",1719-,Man
272138,"Story, William","Story, William (d. 1799)",1719-1799,Man
269253,"Randolph, Nathaniel","Randolph, Nathaniel",-,Man
348900,"Guyétand, Claude-Marie","Guyétand, Claude-Marie",1748-1811,Man
246302,"Crane, William M.","Crane, William M.",-,Man
RN-PER-0816,,,,
RN-PER-0670,,,,
349240,"La Charce, Jean-Frédéric de La Tour du Pin, vicomte de","La Charce, Jean-Frédéric de La Tour du Pin, vicomte de (b. 1734)",1734-,Man
51862,"Eveleigh, Nicholas","Eveleigh, Nicholas (c.1748-1791)",1748-1791,Man
RN-PER-0380,,,,
258993,"Le Rouge (Lerouge), Georges-Louis","Le Rouge (Lerouge), Georges-Louis",1712-,Man
269641,"Rubsamen, Jacob","Rubsamen, Jacob",-,Man
347851,"Charretié, John","Charretié, John",-,Man
RN-PER-0226,,,,
349617,"Lunier, Joseph","Lunier, Joseph",-,Man
349980,"Mouret, Jonathan","Mouret, Jonathan",-,Man
347153,"Andoe, Hilary","Andoe, Hilary",-,Man
260111,"Lockhart, Patrick","Lockhart, Patrick (c. 1749-c. 1810; of Botetourt Co., Va.)",1749-1810,Man
58844,"Taylor, John","Taylor, John (1753-1824, of Caroline, VA)",1753-1824,Man
348011,"Couder, J. M.","Couder, J. M.",-,Man
240529,"Blair, Susannah Shippen","Blair, Susannah Shippen",1743-1821,Woman
RN-ORG-0207,,,,
262697,"Magill, Charles","Magill, Charles (1759-1827)",1759-1827,Man
49376,"Boulainvilliers, Anne Gabriel Henri Bernard, marquis de","Boulainvilliers, Anne Gabriel Henri Bernard, marquis de (1724-1798)",1724-1798,Woman
56248,"Niven, Daniel","Niven, Daniel (1742-1809)",1742-1809,Man
277608,"Willing, James","Willing, James",-,Man
251376,"Floyd, John","Floyd, John",-,Man
59704,"Waterhouse, Benjamin","Waterhouse, Benjamin (1754-1846)",1754-1846,Man
RN-PER-0803,,,,
349148,"Jones, Peter Faneuil","Jones, Peter Faneuil",-,Man
263525,"MacCarty (McCarty), Richard","MacCarty (McCarty), Richard",-,Man
49744,"Buchanan, John","Buchanan, John (1745-1795)",1745-1795,Man
51349,"Destouches, Charles-René-Dominique Sochet","Destouches, Charles-René-Dominique Sochet (1727-1794)",1727-1794,Man
56791,"Phelps, Oliver","Phelps, Oliver (b. 1749)",1749-1809,Man
RN-PER-0738,,,,
253700,"Goode, Bennett","Goode, Bennett (Bennet)",-,Man
260893,"Lory, Amable","Lory, Amable",-,Man
260892,"Lory, Alexander","Lory, Alexander",-,Man
350228,"Philip, Joseph","Philip, Joseph",-,Man
54376,"La Luzerne, César-Henri, comte de","La Luzerne, César-Henri, comte de (1737-1799)",1737-1799,Man
RN-PER-0210,,,,
55145,"Mandrillon, Joseph","Mandrillon, Joseph (1743-1794)",1743-1794,Man
RN-PER-0245,,,,
56170,"Neufville, Leonard [de]","Neufville, Leonard [de] (d. 1812)",-1812,Man
278022,"Wall, Charles","Wall, Charles",-,Man
240079,"Arbuckle, James","Arbuckle, James",-,Man
RN-PER-0435,,,,
263566,"Madison, Rowland","Madison, Rowland",1753-1798,Man
RN-PER-0612,,,,
57696,"Rutledge, Harriott Pinckney Horry","Rutledge, Harriott Pinckney Horry (1770-1858)",1770-1858,Woman
261693,"Mathews, Sampson","Mathews, Sampson (c. 1737 to 1807)",1737-1807,Man
347305,"Bartt, Jean","Bartt, Jean",-,Man
251135,"Franklin, John","Franklin, John (1732-1801)",1732-1801,Man
53667,"Hubley, Bernard, Jr.","Hubley, Bernard, Jr. (1754-1810)",1754-1810,Man
55988,"Mortimer, Charles","Mortimer, Charles (d. 1802)",-1802,Man
262236,"Mitchell, Alexander","Mitchell, Alexander",-,Man
51022,"Custine, Adam-Philippe, comte de","Custine, Adam-Philippe, comte de (1740-1793)",1740-1793,Man
54470,"Laval, Anne-Alexandre-Marie-Sulpice-Joseph Montmorency Marquis de","Laval, Anne-Alexandre-Marie-Sulpice-Joseph Montmorency Marquis de (1747-1817)",1747-1817,Man
RN-ORG-0367,,,,
52255,Frederick William II,"Frederick William II (1744-1797, of Prussia)",1744-1797,Man
348804,"Granchez, D. P.","Granchez, D. P.",-,Man
RN-PER-0557,,,,
RN-PER-0493,,,,
RN-PER-0703,,,,
50076,"Carey, Mathew","Carey, Mathew (1760-1839)",1760-1839,Man
RN-PER-0694,,,,
57011,"Powel, Samuel","Powel, Samuel (1739-1793)",1739-1793,Man
49880,"Burwell, Nathaniel","Burwell, Nathaniel (1750-1814)",1750-1814,Man
RN-PER-0620,,,,
54443,"Latimer, Henry","Latimer, Henry (1752-1819)",1752-1819,Man
51417,"Diriks, Jacob Gerhard","Diriks, Jacob Gerhard (b. 1740)",1740-,Man
253205,"Gratz, Michael","Gratz, Michael",1740-1811,Man
RN-PER-0346,,,,
272865,"Skillern, George","Skillern, George",-,Man
277697,"Wood, Leighton","Wood, Leighton (1740-1805)",1740-1805,Man
277923,"Willis, Nathaniel","Willis, Nathaniel",-,Man
51370,"Dick, Charles","Dick, Charles (1715-1783)",1715-1783,Man
278495,"Woodson, John","Woodson, John (d. 1789)",-1789,Man
251366,"Fleming, Charles","Fleming, Charles (c. 1731-c. 1793)",1731-1793,Man
253140,"Godfrey, Matthew","Godfrey, Matthew",-,Man
RN-ORG-0052,,,,
56206,"Nicholas, John","Nicholas, John (1764-1819)",1757-1819,Man
262295,"Montgomery, John","Montgomery, John (c.1748–1794)",1748-1794,Man
RN-PER-0269,,,,
348926,"Hamson, Stephen","Hamson, Stephen",-,Man
54469,"Lauzun, Armand-Louis de Gontaut Biron, duc de","Lauzun, Armand-Louis de Gontaut Biron, duc de (1747-1793)",1747-1793,Man
RN-PER-0058,,,,
50339,"Chastellux, François-Jean de Beauvoir, marquis de","Chastellux, François-Jean de Beauvoir, marquis de (1734-1788)",1734-1788,Man
51750,"Elliott, George, Jr.","Elliott, George, Jr. (b. 1728)",1728-,Man
52702,"Graves, William","Graves, William (1750-1799)",1750-1799,Man
53374,"Heth, Henry","Heth, Henry (1718–1793)",1718-1793,Man
348352,"Durand, Mr., neveu","Durand, Mr., neveu",-,Man
319698,"Fletcher, John","Fletcher, John (tanner)",1745-,Man
348858,"Grosley, Pierre-Jean","Grosley, Pierre-Jean",1718-1785,Man
349314,"Lafargue, Madame --","Lafargue, Madame --",-,Woman
57903,"Senf, John","Senf, John (Jean) Christian (1754-1806)",1754-1806,Man
277727,"Wray, Jacob","Wray, Jacob (1723-1799)",1723-1799,Man
347219,"Aubin de St. Lambert, L., comte de St. Lambert","Aubin de St. Lambert, L., comte de St. Lambert",-,Man
246462,"Cocke, James Powell","Cocke, James Powell (1748-1829)",1748-1829,Man
254843,"Hayes, James","Hayes, James (c. 1759-1804)",1759-1804,Man
58733,"Syme, John","Syme, John (1728–1805)",1728-1805,Man
302519,"Van Kleeck, John","Van Kleeck, John",-,Man
58996,"Throop, Benjamin","Throop, Benjamin (1744-1822)",1744-1822,Man
RN-PER-0268,,,,
260966,"Lyne, George","Lyne, George",-,Man
246699,"Call, William","Call, William",-,Man
269497,"Robeson, William","Robeson, William",-,Man
267565,"Pope, Matthew","Pope, Matthew (doctor)",-,Man
275486,"Vorontsova-Dashkova, Ekaterina Romanovna","Vorontsova-Dashkova, Ekaterina Romanovna (1743-1810)",1743-1810,Woman
243785,"Broaddus, John","Broaddus, John",-,Man
277669,"Winston, John","Winston, John",1757-1800,Man
51233,"Dawson, George","Dawson, George (British officer)",-,Man
256370,Harmer,"Harmer (Hamer), George (d. 1787)",-1787,Man
RN-ORG-0226,,,,
249701,"Duvall, John Pierce","Duvall, John Pierce (1737-1803)",1737-1803,Man
307634,"Neal, James","Neal, James (1736-1821)",1736-1821,Man
RN-ORG-0243,,,,
48760,"Ball, Burgess, Sr.","Ball, Burgess, Sr. (1749-1800)",1749-1800,Man
RN-ORG-0041,,,,
243660,"Bowyer, John","Bowyer, John (1719-1806; of Rockbridge Co., Va.)",1719-1806,Man
350042,"Newenham, Thomas","Newenham, Thomas",1762-1831,Man
241883,"Brigham, Paul","Brigham, Paul (1746-1825)",1746-1825,Man
52738,"Greaton, John","Greaton, John (1742-1783)",1742-1783,Man
52420,"Geddes, David","Geddes, David (1751-1811)",1751-1811,Man
52991,"Hamilton, James","Hamilton, James (c.1742-1819)",1742-1819,Man
263966,"Mengen (Mingen), Otto Carl Anton","Mengen (Mingen), Otto Carl Anton",-,Man
59229,"Tyler, John","Tyler, John (1747-1813)",1747-1813,Man
59458,"Wagener, Peter","Wagener, Peter (1717-1774)",1717-1774,Man
54658,"Létombe, Philippe-André-Joseph de","Létombe, Philippe-André-Joseph de (b. 1738)",1738-,Man
58175,"Smith, Granville","Smith, Granville (1758-1811)",1758-1811,Man
RN-ORG-0392,,,,
RN-ORG-0308,,,,
255646,"Hawkins, Joseph","Hawkins, Joseph (d. 1823)",-1823,Man
60023,"Willard, Joseph","Willard, Joseph (1738-1804)",1738-1804,Man
260384,"Loyall, Paul","Loyall, Paul (Norfolk Borough)",1721-1807,Man
240930,"Buyck, Pieter","Buyck, Pieter",-,Man
348424,"Epidorge, Mr.","Epidorge, Mr.",1703-,Man
267706,"Putnam, Benjamin","Putnam, Benjamin (captain)",1756-1812,Man
48965,"Baylor, Col. John, III","Baylor, Col. John, III (1705-1772)",1705-1772,Man
250446,"Ewing, Robert","Ewing, Robert",-,Man
59191,"Turberville, George Lee","Turberville, George Lee (1760-1798)",1760-1798,Man
RN-ORG-0268,,,,
365604,"Howard, William","Howard, William (prisoner)",-,Man
RN-ORG-0372,,,,
RN-ORG-0209,,,,
54071,"Jones, Cadwallader","Jones, Cadwallader (1755-1796)",1755-1796,Man
49876,"Burwell, Lewis","Burwell, Lewis (1737-1779)",1737-1779,Man
272452,"Southall, Turner","Southall, Turner (1736-1791)",1736-1791,Man
52589,"Goode, Robert","Goode, Robert (1743-1809)",1743-1809,Man
298427,"Allen, John","Allen, John (c.1738-1778)",1738-1778,Man
RN-ORG-0233,,,,
273021,"Southall, Stephen","Southall, Stephen",-,Man
256910,"Hyrne, Edmund Massingbird","Hyrne, Edmund Massingbird",-,Man
349472,"Le Veillard, Louis, fils","Le Veillard, Louis, fils",-,Man
RN-ORG-0388,,,,
RN-PER-0231,,,,
256358,"Hare, Charles","Hare, Charles (b. 1786, lieutenant)",1786-,Man
272555,"Sans, M.","Sans, M.",-,Man
278034,"Waller, George","Waller, George",-,Man
278661,"Yates, William","Yates, William (1750-1789)",1750-1789,Man
276669,"Wendell, John Harmanus","Wendell, John Harmanus (1744-1832)",1744-1832,Man
275652,"Van Meter, Garret","Van Meter, Garret",-,Man
275734,"Victor, Frederick","Victor, Frederick",-,Man
302311,"Olney, Stephen","Olney, Stephen",-,Man
302558,"Saint-Maisme (Saint Maime, Saint Mesme), Jean-Baptiste-Louis-Philippe de Félix d’Olières, comte de","Saint-Maisme (Saint Maime, Saint Mesme), Jean-Baptiste-Louis-Philippe de Félix d’Olières, comte de",-,Man
271436,"Sumner, Job","Sumner, Job",-,Man
53341,"Henry, Nathaniel","Henry, Nathaniel",-,Man
253530,"Gaskins, Thomas","Gaskins, Thomas (of Northumberland Co., Va.)",-,Man
54016,"Johnson, Jacob","Johnson, Jacob (1713-1797)",1713-1797,Man
264274,"Mosby, Littleberry","Mosby, Littleberry",1729-1809,Man
RN-PER-0537,,,,
242475,"Bell, Joseph","Bell, Joseph (1761-1851)",1761-1851,Man
349071,"Huquier, A. Benoist","Huquier, A. Benoist",-,Man
271695,"Sharpe, William","Sharpe, William",1742-1818,Man
264107,"Mitchell, R. William","Mitchell, R. William",-,Man
48761,"Ballendine, John","Ballendine, John (1735-1782)",1735-1782,Man
350059,"Nogaret, François-Félix","Nogaret, François-Félix",1740-1831,Man
50209,"Castries, Armand-Charles-Augustin de La Croix, duc de","Castries, Armand-Charles-Augustin de La Croix, duc de (1756-1842)",1756-1842,Man
RN-PER-0233,,,,
RN-PER-0093,,,,
56934,"Pomeroy, Ralph","Pomeroy, Ralph (1737-1817)",1737-1817,Man
RN-ORG-0333,,,,
259534,"Lewis, William","Lewis, William (1724-1811)",1724-1811,Man
49111,"Berrien, John","Berrien, John (1711-1772)",1711-1772,Man
RN-ORG-0166,,,,
56283,"North, William","North, William (1755-1836)",1755-1836,Man
263864,"McDuffee, John","McDuffee, John (colonel)",-,Man
247560,"Dana, Elizabeth Ellery","Dana, Elizabeth Ellery (1751-1807, wife of Francis)",1751-1807,Woman
RN-GRP-0019,,,,
246809,"Carrington, George, Jr.","Carrington, George, Jr.",-,Man
52340,"Gallitzin, Dmitri Alexeivich","Gallitzin, Dmitri Alexeivich (1735-1803)",1735-1803,Man
RN-GRP-0013,,,,
347216,"Aubenton, Mr. d'","Aubenton, Mr. d'",-,Man
337613,"Woedteke (Woedtke), Charles Guillaume","Woedteke (Woedtke), Charles Guillaume",-,Man
RN-PER-0389,,,,
RN-PER-0722,,,,
RN-PER-0721,,,,
349992,"Mumford, David","Mumford, David",1731-1807,Man
265467,"Parke, Matthew","Parke, Matthew",-,Man
RN-GRP-0021,,,,
263869,"McGavock, Hugh","McGavock, Hugh",1761-1844,Man
264109,"Mitchell, Robert","Mitchell, Robert (captain)",-,Man
55401,"McCarty, William","McCarty, William (merchant at Lorient)",-,Man
RN-PER-0300,,,,
253665,"Godwin, Brewer","Godwin, Brewer",-,Man
349195,"Kerhalec, -- Riou","Kerhalec, -- Riou",-,Man
318107,"Vaughan, James","Vaughan, James (deserter)",1753-,Man
240183,"Avery, Isaac","Avery, Isaac (1743-1799)",1743-1799,Man
50513,"Clayton, William","Clayton, William (1746-1797)",1746-1797,Man
258830,"La Corbiere, M.","La Corbiere, M. (b. 1743)",1743-,Man
349630,"Lyons, Archibald","Lyons, Archibald",-,Man
58327,"Southall, James Barrett","Southall, James Barrett (1726-1787)",1726-1787,Man
48484,"Anderson, Robert","Anderson, Robert (1743-1784, of Williamsburg)",1743-1784,Man
59106,"Travis, Edward","Travis, Edward (1750-1784)",1750-1784,Man
59418,"Vioménil, Antoine-Charles du Houx, baron de","Vioménil, Antoine-Charles du Houx, baron de (1728-1792)",1728-1792,Man
54266,"King, Miles","King, Miles (1747-1814)",1747-1814,Man
274639,"Twyman, George Buford","Twyman, George Buford",1731-1818,Man
248686,"Davis, Isaac, Jr.","Davis, Isaac, Jr. (1732-1805)",1732-1805,Man
56127,"Necker, Suzanne Curchod","Necker, Suzanne Curchod (1739-1794)",1739-1794,Woman
251649,"Fauntleroy, Moore","Fauntleroy, Moore (1716-1791)",1716-1791,Man
RN-ORG-0387,,,,
RN-ORG-0332,,,,
52103,"Fletcher, Thomas","Fletcher, Thomas",-,Man
267422,"Peyton, John","Peyton, John (1710-1790, Sir)",1710-1790,Man
RN-PER-0592,,,,
RN-PER-0448,,,,
58728,"Swift, Heman","Swift, Heman (1733-1814)",1733-1814,Man
RN-BUS-0044,,,,
246709,"Calvert, Christopher","Calvert, Christopher",-,Man
51061,"Dabney, Charles","Dabney, Charles",-,Man
263888,"McIntosh, Sarah Threadcraft","McIntosh, Sarah Threadcraft (Mrs. Lachlan McIntosh)",-,Woman
56624,"Peachey, Le Roy","Peachey, Le Roy (b. 1736)",1736-,Man
277663,"Winslow, Beverley","Winslow, Beverley",-,Woman
RN-PER-0400,,,,
RN-PER-0395,,,,
RN-ORG-0397,,,,
RN-PER-0306,,,,
247029,Christian,"Christian (Christy), William (c. 1743-1786)",1743-1786,Man
269396,"Rice, George","Rice, George",-,Man
RN-PER-0687,,,,
243209,"Barron, Richard","Barron, Richard",-1791,Man
RN-ORG-0317,,,,
263838,"McCoy, John","McCoy, John",-,Man
RN-ORG-0085,,,,
48807,"Barbour, James","Barbour, James (1734-1804)",1734-1804,Man
249499,"Donnally, Andrew","Donnally, Andrew",-,Man
253058,"Gerlach, Heinrich","Gerlach, Heinrich",-1798,Man
RN-PER-0335,,,,
272497,"Strother, French","Strother, French (1733-1800)",1733-1800,Man
256686,"Hoakesly (Hoakesley), Robert","Hoakesly (Hoakesley), Robert",-,Man
330993,"Call, Richard","Call, Richard (light horse commander)",-,Man
RN-ORG-0288,,,,
54910,"Long, Nicholas","Long, Nicholas (1728-1798, c. 1726-1797)",1728-1798,Man
50420,"Churchill, William","Churchill, William (1726-1782)",1726-1782,Man
51183,"Davie, William Richardson","Davie, William Richardson (1756-1820)",1756-1820,Man
344669,"Jones, Thomas","Jones, Thomas (convict servant)",1748-,Man
267205,"Park, Catherine","Park, Catherine",-,Woman
RN-PER-0116,,,,
258350,"Kinnan, Peter","Kinnan, Peter",-,Man
48489,"Andrews, Robert","Andrews, Robert (1746-1804)",1746-1804,Man
56627,"Peachey, William","Peachey, William (1729-1802)",1729-1802,Man
57561,"Rose, Duncan","Rose, Duncan",-,Man
255880,"Houdetot, Élisabeth Françoise Sophie de La Live de Bellegarde, comtesse d'","Houdetot, Élisabeth Françoise Sophie de La Live de Bellegarde, comtesse d' (1730-1813)",1730-1813,Woman
278055,"Walton, Robert","Walton, Robert (of N.Y.)",-,Man
RN-GRP-0005,,,,
260281,"Lewis, Nicholas","Lewis, Nicholas (1734-1808)",1734-1808,Man
259663,"Loring, Jotham","Loring, Jotham (c.1740-1820)",1740-1820,Man
RN-PER-0829,,,,
348627,"Frölich (Froelich), Christian Emanuel","Frölich (Froelich), Christian Emanuel",-,Man
50708,"Constable, William","Constable, William (1751-1803)",1751-1803,Man
RN-PER-0320,,,,
RN-PER-0826,,,,
268759,Read,"Read (Reade), Edmund (c. 1745-1802)",1745-1802,Man
RN-BUS-0019,,,,
RN-PER-0100,,,,
RN-PER-0110,,,,
247104,"Clay, Joseph, Jr.","Clay, Joseph, Jr. (1741-1802)",1741-1804,Man
51369,"Dick, Alexander","Dick, Alexander (1740-1785)",1740-1785,Man
RN-ORG-0155,,,,
272867,"Skinker, Col. John","Skinker, Col. John",-,Man
272887,"Slaughter, James","Slaughter, James",-1799,Man
RN-BUS-0083,,,,
256230,"Hurlbert, John","Hurlbert, John",-,Man
54930,"Loudon, Samuel","Loudon, Samuel (1727-1813)",1727-1813,Man
RN-PER-0070,,,,
259563,"Lindsay, Opie","Lindsay, Opie",-,Man
130032,"Ball, James","Ball, James (1698-1783)",1698-1783,Man
277410,"Webb, Foster","Webb, Foster (1756-1812)",1756-1812,Man
RN-PER-0714,,,,
RN-PER-0821,,,,
249343,"Deleurieux, Prevost","Deleurieux, Prevost",-,Man
254553,"Hamilton, Thomas","Hamilton, Thomas",-,Man
272079,"Stevens, Nathaniel","Stevens, Nathaniel",-,Man
242718,"Boush, John","Boush, John",-,Man
267288,"Payne, Nicholas","Payne, Nicholas",-,Man
RN-PER-0301,,,,
310295,"Hull, John","Hull, John (of Northumberland Co., Va.)",-,Man
56311,Obannon,"Obannon (O'Bannon), John (1756-1813)",1756-1813,Man
52396,"Garrard, William","Garrard, William (1715-1787)",1715-1787,Man
RN-PER-0271,,,,
59150,"Trumbull, Jonathan, Jr.","Trumbull, Jonathan, Jr. (1740-1809)",1740-1809,Man
243439,"Bird, George","Bird, George (tax commissioner)",-,Man
RN-PER-0759,,,,
RN-PER-0381,,,,
RN-ORG-0330,,,,
272753,"Sheed, Eleanor","Sheed, Eleanor",-,Woman
278483,"Wooding, Robert","Wooding, Robert",-,Man
RN-BUS-0006,,,,
347510,"Bondoire, --, vicomte de","Bondoire, --, vicomte de",-,Man
RN-PER-0748,,,,
RN-ORG-0403,,,,
RN-ORG-0031,,,,
RN-ORG-0032,,,,
RN-ORG-0033,,,,
53140,"Harrison, William","Harrison, William (c. 1740-1782)",1740-1782,Man
240080,"Arbuthnot, Marriot","Arbuthnot, Marriot (1711-1794)",1711-1794,Man
252985,"Garanger, Lewis","Garanger, Lewis",1741-,Man
53256,"Hay, William","Hay, William (1739-1812)",1739-1812,Man
RN-PER-0533,,,,
251338,"Fisher, Daniel","Fisher, Daniel (d. 1795)",-1795,Man
RN-PER-0786,,,,
274462,"Townes, John","Townes, John (1758-1838)",1758-1838,Man
54771,"Lindsay, Reuben","Lindsay, Reuben (1747-1831)",1747-1831,Man
258916,"Laurens, Martha Manning","Laurens, Martha Manning (1757-1781, wife of John)",1757-1781,Woman
348838,"Greive, George","Greive, George",1748-1809,Man
242486,"Bellini, Carlo","Bellini, Carlo (d. 1804, Charles)",-1804,Man
272043,"Stark, Bolling","Stark, Bolling",1733-1788,Man
278674,"Young, Henry","Young, Henry (1741-1817, captain)",1741-1817,Man
348540,"Flobecq, -- des Watines de","Flobecq, -- des Watines de",-,Man
347292,"Barrett, Jean-Jacques de","Barrett, Jean-Jacques de",1717-1792,Man
48585,"Arnold, Thomas","Arnold, Thomas (1743-1821)",1743-1821,Man
58494,"Steptoe, James","Steptoe, James (1750–1826)",1750-1826,Man
RN-PER-0594,,,,
241450,"Beville, Pierre François, chevalier de","Beville, Pierre François, chevalier de",1721-,Man
52636,"Gosselin, Clement","Gosselin, Clement (1747-1816)",1747-1816,Man
249567,"Bauduy, Victorine Elizabeth Du Pont","Bauduy, Victorine Elizabeth Du Pont",1792-1861,Woman
58953,"Thompson, William","Thompson, William (1736-1781)",1736-1781,Man
266687,"Penn, Abraham","Penn, Abraham",-,Man
264113,"Moffett, George","Moffett, George",-,Man
RN-PER-0511,,,,
55604,"Ménonville, François-Louis-Arthur Thibaut, comte de","Ménonville, François-Louis-Arthur Thibaut, comte de (1740-1816)",1740-1816,Man
50129,"Carroll, Charles","Carroll, Charles (of Carrollton, 1737-1832)",1737-1832,Man
RN-PER-0399,,,,
RN-ORG-0080,,,,
RN-ORG-0320,,,,
277926,"Wills, John Scarsbrook","Wills, John Scarsbrook (sheriff; of Isle of Wight Co., Va.)",-,Man
53909,"Jackson, William","Jackson, William (1759-1828)",1759-1828,Man
56259,"Noailles, Louis Marie, vicomte de","Noailles, Louis Marie, vicomte de (1756-1804, son of Duc de Mouchy, brother-in-law of Lafayette)",1756-1804,Man
350341,"Péchigny, Madame F.","Péchigny, Madame F.",-,Man
48854,"Barras-Saint-Laurent, Jacques-Melchior, comte de","Barras-Saint-Laurent, Jacques-Melchior, comte de (1719-1793)",1719-1793,Man
248591,"Durie, Thomas","Durie, Thomas",-,Man
252288,"Greig, Henry","Greig, Henry (Göteborg merchant)",-,Man
54405,"Langborn, William","Langborn, William (1756-1814)",1756-1814,Man
51255,"Dean, Gilbert","Dean, Gilbert (1735-1810)",1735-1810,Man
RN-ORG-0076,,,,
54491,"Lawrence, Jonathan, Jr.","Lawrence, Jonathan, Jr. (d. 1802)",1759-1802,Man
263333,"Mitchell, Reuben","Mitchell, Reuben",-1828,Man
50421,"Church, John Barker","Church, John Barker (1748-1818)",1748-1818,Man
303931,"Biron, Louis Antoine, duc de","Biron, Louis Antoine, duc de",-,Man
55867,"Moore, Stephen","Moore, Stephen (1740-1800)",1740-1800,Man
54878,"Lockhart, Samuel","Lockhart, Samuel (c. 1745-1784)",1745-1784,Man
52860,"Guerard, Benjamin","Guerard, Benjamin (1739-1788)",1739-1788,Man
48751,"Balfour, Nisbet","Balfour, Nisbet (1743-1823)",1743-1823,Man
RN-PER-0800,,,,
53225,"Hawley, David","Hawley, David (1741-1807)",1741-1807,Man
55331,"Maury, James, Jr.","Maury, James, Jr. (1746-1840)",1746-1840,Man
258828,"La Briche, Alexis-Janvier La Live de","La Briche, Alexis-Janvier La Live de (1735-1785)",1735-1785,Man
59894,"Wheelock, John","Wheelock, John (1754-1817)",1754-1817,Man
264795,"Nicolson, George","Nicolson, George",1758-1802,Man
RN-BUS-0035,,,,
RN-PER-0169,,,,
266634,"Patteson, Samuel","Patteson, Samuel",-,Man
57839,"Scott, Robert","Scott, Robert",-,Man
RN-BUS-0025,,,,
243799,"Brooking, Vivian","Brooking, Vivian (1738-1808)",1738-1808,Man
RN-PER-0289,,,,
348885,"Guilin, Mr.","Guilin, Mr.",-,Man
349326,"Lahannée, Louise","Lahannée, Louise",-,Woman
51555,"Ducoigne, Jean-Baptiste","Ducoigne, Jean-Baptiste (1750-1811)",1750-1811,Man
55140,Mallet,"Mallet (Mallett), Jonathan (1729-1806)",1729-1806,Man
246672,"Cabeen, John","Cabeen, John",-,Man
270806,"Smith, Calvin","Smith, Calvin",-,Man
RN-PER-0723,,,,
348929,"Hanson, Gustavus","Hanson, Gustavus",-,Man
58761,"Talbot, Silas","Talbot, Silas (1751-1813)",1751-1813,Man
RN-PER-0338,,,,
243362,"Bérenger, Laurent Pierre","Bérenger, Laurent Pierre (1749-1822)",1749-1822,Man
RN-PER-0223,,,,
RN-PER-0462,,,,
RN-PER-0576,,,,
RN-PER-0165,,,,
351090,"Wendorp, D.","Wendorp, D.",-,Man
349008,"Heyliger, Thomas Hope","Heyliger, Thomas Hope",-,Man
49496,"Brailsford, William","Brailsford, William (1767-1837)",1767-1837,Man
RN-PER-0599,,,,
RN-PER-0171,,,,
RN-PER-0322,,,,
RN-PER-0147,,,,
RN-PER-0521,,,,
269859,"Sever, Sarah Warren","Sever, Sarah Warren (1730-1797, wife of William, sister of James)",1730-1797,Woman
57669,"Russell, Sarah Sever","Russell, Sarah Sever",-,Woman
58010,"Shippen, Alice Lee","Shippen, Alice Lee (1736-1817)",1736-1817,Woman
238856,"Adams, Elizabeth Welles","Adams, Elizabeth Welles (1735-1808, wife of Samuel)",1735-1808,Woman
RN-BUS-0007,,,,
350828,"Tardy, Gabriel","Tardy, Gabriel",-,Man
RN-PER-0382,,,,
RN-ORG-0416,,,,
246221,"Cooper, Leonard","Cooper, Leonard (1750-1821)",1750-1821,Man
347833,"Chandelier, M.","Chandelier, M.",-,Man
57885,"Ségur, Philippe-Henri, marquis de","Ségur, Philippe-Henri, marquis de (1724-1801)",1724-1801,Man
RN-ORG-0354,,,,
266434,"Pray, John","Pray, John",-,Man
54138,"Joyner, John","Joyner, John (1720-1796, captain, of the South Carolina)",1720-1796,Man
50569,"Cobb, David","Cobb, David (1748-1830)",1748-1830,Man
347521,"Borde, Pierre","Borde, Pierre",-,Man
RN-PER-0642,,,,
RN-PER-0034,,,,
RN-PER-0459,,,,
RN-BUS-0018,,,,
52125,"Folger, Timothy","Folger, Timothy (1732-1814)",1732-1814,Man
347932,"Cochran, Mary","Cochran, Mary",-,Woman
59409,"Villefranche de Genton, Jean-Louis-Ambroise, chevalier de","Villefranche de Genton, Jean-Louis-Ambroise, chevalier de (1747-1784)",1747-1784,Man
RN-ORG-0366,,,,
RN-PER-0256,,,,
RN-PER-0370,,,,
RN-PER-0372,,,,
56879,"Plater, George","Plater, George (1735-1792)",1735-1792,Man
RN-PER-0139,,,,
RN-PER-0720,,,,
RN-ORG-0287,,,,
RN-PER-0569,,,,
301165,"Morris, Joseph","Morris, Joseph (1714-1785)",1714-1785,Man
59087,"Townes, John Dudley","Townes, John Dudley (1791-1839)",1791-1839,Man
48853,"Barras, Paul-François-Jean-Nicolas, comte de","Barras, Paul-François-Jean-Nicolas, comte de (1755-1829)",1755-1829,Man
347480,"Bligny, Honoré-Thomas","Bligny, Honoré-Thomas",-,Man
RN-PER-0238,,,,
RN-PER-0504,,,,
RN-PER-0159,,,,
53537,"Honeywell, Israel, Jr.","Honeywell, Israel, Jr. (1744-1790)",1744-1790,Man
RN-ORG-0218,,,,
348912,"Haine, Mary","Haine, Mary",-,Woman
RN-PER-0744,,,,
RN-PER-0731,,,,
55466,"McFarland, Moses","McFarland, Moses (1738-1802)",1738-1802,Man
56830,"Pierce, John","Pierce, John (d. 1788)",-1788,Man
52686,"Grasse-Tilly, François-Joseph-Paul, comte de","Grasse-Tilly, François-Joseph-Paul, comte de (1722-1788)",1722-1788,Man
348187,"Deshautesrayes, Michel-Ange-André Le Roux","Deshautesrayes, Michel-Ange-André Le Roux",1724-1795,Man
49689,"Brown, Moses","Brown, Moses (1738-1836)",1738-1836,Man
348458,"Fagnion, Jean-Charles","Fagnion, Jean-Charles",-,Man
53710,"Hull, William","Hull, William (1753-1825)",1753-1825,Man
277964,"Woodbridge, Joseph","Woodbridge, Joseph",-,Man
283484,"Billings, Stephen","Billings, Stephen (of CT)",-,Man
51983,"Fernald, Tobias","Fernald, Tobias (1744-1784)",1744-1784,Man
RN-PER-0281,,,,
320120,"Granger, Francis","Granger, Francis",1744-,Man
56204,"Nicholas, George","Nicholas, George (1754-1799)",1754-1799,Man
347952,"Collyer, Thomas","Collyer, Thomas",-,Man
RN-PER-0518,,,,
347432,"Besse, Jacques","Besse, Jacques",-,Man
255307,"Howlett, James","Howlett, James",-,Man
RN-ORG-0390,,,,
57500,"Rochambeau, Jeanne-Thérèse de Tellès d'Acosta, comtesse de","Rochambeau, Jeanne-Thérèse de Tellès d'Acosta, comtesse de (1730-1824)",1730-1824,Woman
52077,"Fitzhugh, William","Fitzhugh, William (1721–1798)",1721-1798,Man
247992,"Davenport, Abraham","Davenport, Abraham",-,Man
273016,"Soulavie, Jean Louis Girard","Soulavie, Jean Louis Girard (1751-1813)",1751-1813,Man
RN-PER-0368,,,,
RN-PER-0750,,,,
347469,"Blake, Peter","Blake, Peter",-,Man
RN-BUS-0069,,,,
349343,"Lambert, John","Lambert, John",-,Man
51596,"Duncan, David","Duncan, David (d. 1792)",-1792,Man
56755,"Peterson, Gabriel","Peterson, Gabriel (1748-1832)",1748-1832,Man
RN-PER-0472,,,,
RN-PER-0161,,,,
54460,"Laumoy, Jean-Baptiste-Joseph, comte de","Laumoy, Jean-Baptiste-Joseph, comte de (1750-1832)",1750-1832,Man
RN-PER-0739,,,,
53740,"Hunter, James, Jr.","Hunter, James, Jr. (1746-1788)",1746-1788,Man
RN-PER-0570,,,,
52471,"Gibson, John","Gibson, John (1740-1822)",1740-1822,Man
53010,"Hammond, Abijah","Hammond, Abijah (1732-1790)",1732-1790,Man
260090,"Little, George","Little, George",-,Man
RN-PER-0546,,,,
347835,"Chanson, Pierre","Chanson, Pierre",-,Man
50932,"Crèvecoeur, Michel-Guillaume St. Jean de","Crèvecoeur, Michel-Guillaume St. Jean de (1735-1813)",1735-1813,Man
RN-PER-0500,,,,
RN-PER-0008,,,,
RN-PER-0455,,,,
246347,"Curson, Samuel","Curson, Samuel (1753-1786)",1753-1786,Man
52643,"Gouverneur, Isaac, Jr.","Gouverneur, Isaac, Jr. (1721-1800)",1721-1800,Man
347875,"Cheminot, Charlotte de","Cheminot, Charlotte de",-,Woman
RN-PER-0716,,,,
52794,"Gregory, Stephen","Gregory, Stephen (1751-1817)",1751-1817,Man
52497,"Gilliland, James","Gilliland, James",-,Man
RN-PER-0181,,,,
347229,"Autun, Remy d'","Autun, Remy d'",-,Man
RN-PER-0211,,,,
55075,"Macpherson, William","Macpherson, William (1756-1813)",1756-1813,Man
262621,"Mytinger (Mettinger), John Jacob","Mytinger (Mettinger), John Jacob",1750-1793,Man
51997,"Field, Job","Field, Job (of Braintree)",-,Man
264402,Newcomb,"Newcomb (Newcombe), Briant (Amer. prisoner)",-,Man
51007,"Curtis, Samuel","Curtis, Samuel (1727-1777)",1727-1777,Man
240346,"Bass, Jeriah","Bass, Jeriah (of Braintree)",-,Man
269774,"Savil, Edward","Savil, Edward (of Braintree, prisoner of war)",-,Man
349664,"Macé de Vaudoré, Charles-Auguste-François-Hugue","Macé de Vaudoré, Charles-Auguste-François-Hugue",-,Man
350018,"Nanteuville, -- de","Nanteuville, -- de",-,Man
350642,"Shaffer, John","Shaffer, John",-,Man
57103,"Purviance, Samuel, Jr.","Purviance, Samuel, Jr. (d. 1788)",-1788,Man
57723,"Saint-Simon, Claude-Anne, Marquis de","Saint-Simon, Claude-Anne, Marquis de (1743-1819)",1743-1819,Man
59459,"Wagener, Peter","Wagener, Peter (1742-1798)",1742-1798,Man
RN-PER-0219,,,,
RN-BUS-0054,,,,
49476,"Bradford, Thomas","Bradford, Thomas (1745-1838)",1745-1838,Man
350755,"Steinsky, François","Steinsky, François",1752-1816,Man
54659,"Lettsom, John Coakley","Lettsom, John Coakley (1744-1815)",1744-1815,Man
261350,"Montgomery, Dorcas Armitage","Montgomery, Dorcas Armitage",-1806,Woman
RN-BUS-0036,,,,
RN-PER-0215,,,,
365592,"Hindman, John","Hindman, John (of Talbot Co., Md.)",-,Man
52684,"Grasse, Alexandre-François-Auguste de Grasse-Rouville, comte de, marquis de Tilly","Grasse, Alexandre-François-Auguste de Grasse-Rouville, comte de, marquis de Tilly (1765-1845)",1765-1845,Man
RN-PER-0115,,,,
RN-PER-0568,,,,
50796,"Cornell, Joseph","Cornell, Joseph (1707-1795)",1707-1795,Man
349573,"Lombard, Claude-Philibert","Lombard, Claude-Philibert",1743-,Man
RN-PER-0323,,,,
53780,"Hurt, John","Hurt, John (1752-1824)",1752-1824,Man
RN-PER-0144,,,,
57568,"Rose, Hugh","Rose, Hugh (military)",-,Man
350124,"Pagin, André-Noël","Pagin, André-Noël",1725-1788,Man
259812,"La Villebrune (La Villèsbrunne), Jacques-Aimé le Saige, Chevalier de","La Villebrune (La Villèsbrunne), Jacques-Aimé le Saige, Chevalier de",-,Man
RN-PER-0252,,,,
RN-PER-0113,,,,
55374,"Mayo, Joseph","Mayo, Joseph (d. 1785)",-1785,Man
350291,"Porquet, P. M.","Porquet, P. M.",-,Man
57581,"Ross, David, Jr.","Ross, David, Jr. (1755-1800)",1755-1800,Man
RN-PER-0717,,,,
266124,"Perregaux, Jean-Frédéric","Perregaux, Jean-Frédéric (1744-1808)",1744-1808,Man
245118,"Choisy, Claude Gabriel, marquis de","Choisy, Claude Gabriel, marquis de (b. 1723)",1723-,Man
55933,"Morris, Lewis, Jr.","Morris, Lewis, Jr. (1752-1824)",1752-1824,Man
52157,"Forrest, Thomas","Forrest, Thomas (d. 1825)",1747-1825,Man
263931,"McPherson, William","McPherson, William",-,Man
RN-PER-0598,,,,
RN-PER-0312,,,,
RN-PER-0804,,,,
365593,"Hobart, George","Hobart, George (1731-1804)",1731-1804,Man
RN-PER-0581,,,,
RN-PER-0081,,,,
58695,Sumner,"Sumner (Summer), Jethro (1733-1785)",1733-1785,Man
267462,"Pierres, Philippe-Denis","Pierres, Philippe-Denis (1741-1808)",1741-1808,Man
RN-PER-0456,,,,
249564,"Du Ponceau, Peter Stephen","Du Ponceau, Peter Stephen (Pierre-Etienne; 1760-1844)",1760-1844,Man
RN-PER-0707,,,,
57192,"Randolph, Elizabeth Nicholas","Randolph, Elizabeth Nicholas (1753-1810)",1753-1810,Woman
RN-PER-0787,,,,
347236,"Avery, Jonathan","Avery, Jonathan (b. 1762)",1762-,Man
253476,"Gallwey, John","Gallwey, John",-,Man
349206,"Kinnier, John","Kinnier, John",-,Man
RN-PER-0635,,,,
348570,"Fottrell, John","Fottrell, John",-,Man
RN-ORG-0351,,,,
54122,"Jones, Winzer","Jones, Winzer",-,Man
264382,"Nazro, Nathaniel","Nazro, Nathaniel (Amer. prisoner)",-,Man
RN-PER-0606,,,,
RN-PER-0415,,,,
55874,"Moore, William","Moore, William (c.1735–1793)",1735-1793,Man
50045,"Campo, Bernardo, marquis del","Campo, Bernardo, marquis del",-,Man
347449,"Bianchi, Jacques","Bianchi, Jacques",-,Man
48997,"Beall, William Dent","Beall, William Dent (1755-1829)",1755-1829,Man
RN-ORG-0343,,,,
256332,"Hanson, John","Hanson, John (1721-1783)",1721-1783,Man
349451,"Le Guen, Charles","Le Guen, Charles",-,Man
RN-PER-0393,,,,
348363,"Dutartre, Antoinette-Thérèse Melin","Dutartre, Antoinette-Thérèse Melin",1734-1785,Woman
RN-ORG-0001,,,,
347158,"Angus, John","Angus, John",-,Man
347459,"Birckel, --","Birckel, --",-,Man
273014,"Soubise, Charles de Rohan, Prince de","Soubise, Charles de Rohan, Prince de (1715-1787)",1715-1787,Man
RN-BUS-0050,,,,
51577,"Dulany, Benjamin Tasker","Dulany, Benjamin Tasker (1752-1816)",1752-1816,Man
274983,"Tolozan, Jean François de","Tolozan, Jean François de",-,Man
57630,"Rumney, William","Rumney, William (d. 1783)",-1783,Man
RN-PER-0659,,,,
347304,"Bartram, Joseph","Bartram, Joseph",-,Man
257182,"Jaume, Guillaume","Jaume, Guillaume",-,Man
347495,"Bohlen, Anna Sophia Susanna de","Bohlen, Anna Sophia Susanna de",-,Woman
260071,"Limozin, André","Limozin, André",-1789,Man
RN-PER-0105,,,,
347786,"Casey, Wanton","Casey, Wanton",1760-1842,Man
350524,"Royle, Henry","Royle, Henry",-,Man
305049,"Brownson, Gideon","Brownson, Gideon",-,Man
RN-PER-0049,,,,
260864,"Lolme, Jean Louis de","Lolme, Jean Louis de (1741-1806)",1741-1806,Man
RN-PER-0699,,,,
RN-PER-0140,,,,
278570,"Young, Moses","Young, Moses (1758-1838, secy. to Henry Laurens)",1758-1838,Man
56032,Muhlenberg,"Muhlenberg (Mühlenberg), Frederick Augustus Conrad (1750-1801)",1750-1801,Man
53843,"Innes, Harry","Innes, Harry (1752-1816)",1752-1816,Man
349352,"Landers, John","Landers, John",-,Man
348765,"Golden, Benjamin","Golden, Benjamin",-,Man
244178,"Celesia, Pietro Paolo","Celesia, Pietro Paolo (1731-1806)",1731-1806,Man
RN-PER-0134,,,,
RN-PER-0358,,,,
243153,"Barclay, Mary","Barclay, Mary (b. 1750, Mrs. Thomas Barclay)",1750-,Woman
350768,"Stockar zur Sonnenbourg, --","Stockar zur Sonnenbourg, --",1723-,Man
347695,"Butley, Thomas","Butley, Thomas",-,Man
RN-PER-0191,,,,
51875,"Ewing, John","Ewing, John (1732-1802)",1732-1802,Man
51394,"Digby, Robert","Digby, Robert (1732-1814)",1732-1814,Man
348384,"Edes, Caroline","Edes, Caroline",-,Woman
RN-PER-0331,,,,
348782,"Gottkier, --","Gottkier, --",-,Man
RN-PER-0354,,,,
59491,"Walker, Benjamin","Walker, Benjamin (1753-1818)",1753-1818,Man
49462,"Brackett, Joshua","Brackett, Joshua (1733-1802)",1733-1802,Man
RN-PER-0645,,,,
348236,"Dorlay, Eleazer","Dorlay, Eleazer",-,Man
52550,"Glentworth, Plunket Fleeson","Glentworth, Plunket Fleeson (1760-1833)",1760-1833,Woman
275294,"Vinton, Thomas","Vinton, Thomas (Amer. prisoner)",-,Man
273774,"Thayer, John","Thayer, John",1758-1815,Man
RN-PER-0080,,,,
53800,"Hutchins, Thomas","Hutchins, Thomas (1730-1789)",1730-1789,Man
265707,"Pope, Jacob","Pope, Jacob (prisoner)",-,Man
49586,"Brissot de Warville, Jacques-Pierre","Brissot de Warville, Jacques-Pierre (1754-1793)",1754-1793,Man
246693,"Caldwell, Samuel","Caldwell, Samuel (c.1738 - 1798)",1738-1798,Man
53135,"Harrison, Nathaniel","Harrison, Nathaniel (1703-1791)",1703-1791,Man
348193,"Desouches de Varenne, Mr.","Desouches de Varenne, Mr.",-,Man
RN-PER-0125,,,,
347918,"Clegg, Edmund","Clegg, Edmund",-,Man
RN-BUS-0078,,,,
52521,"Gilpin, Joseph","Gilpin, Joseph (1725-1790)",1725-1790,Man
348494,"Feray, Jean-Baptiste-Antoine","Feray, Jean-Baptiste-Antoine",1739-1811,Man
RN-PER-0780,,,,
49320,"Bond, Thomas, Sr.","Bond, Thomas, Sr. (1712-1784)",1712-1784,Man
267473,"Pigott, Robert","Pigott, Robert",1736-1794,Man
348511,"Filleul, Anne-Rosalie Boquet","Filleul, Anne-Rosalie Boquet",1752-1794,Woman
350422,"Richard, Jean-François","Richard, Jean-François",-,Man
52045,"Fish, Nicholas","Fish, Nicholas (1758-1833)",1758-1833,Man
347428,"Bery, --","Bery, --",-,Man
RN-ORG-0376,,,,
243360,"Bérard, Thomas-Simon","Bérard, Thomas-Simon (1741-1794)",1741-1794,Man
347868,"Chaumont, Marie-Thérèse Jogues Le Ray de","Chaumont, Marie-Thérèse Jogues Le Ray de",1732-1819,Woman
RN-PER-0512,,,,
348482,"Favier, --","Favier, --",-,Man
49331,"Mably, Gabriel Bonnot de","Mably, Gabriel Bonnot de (1709-1785)",1709-1785,Man
302128,"McCallister, Archibald","McCallister, Archibald",-,Man
303866,"Liebert (Leibert), Philip","Liebert (Leibert), Philip",-,Man
58918,"Thomas, John Allen","Thomas, John Allen (1734-1797)",1734-1797,Man
278549,"Wyld (Wild), Henry","Wyld (Wild), Henry",-,Man
241087,"Barber, William","Barber, William (1743-1789)",1743-1789,Man
49091,"Benson, Joshua","Benson, Joshua (1752-1805)",1752-1805,Man
49609,"Broglie, Victor-François, 2d duc de","Broglie, Victor-François, 2d duc de (1718-1814)",1718-1814,Man
RN-PER-0194,,,,
54391,"Lameth, Charles-Malo-François, comte de","Lameth, Charles-Malo-François, comte de (1757-1832)",1757-1832,Man
RN-ORG-0221,,,,
RN-PER-0175,,,,
49042,"Bee, Thomas","Bee, Thomas (1739-1812)",1739-1812,Man
56010,"Motte, Isaac","Motte, Isaac (1738-1795)",1738-1795,Man
348191,"Desmarest, Nicolas","Desmarest, Nicolas",1725-1815,Man
348219,"Didelot, Mr.","Didelot, Mr. (of Paris, France)",-,Man
348412,"Embser, Johann Valentin","Embser, Johann Valentin",1749-1783,Man
269740,"Santheuvel, Bartholomeus van den","Santheuvel, Bartholomeus van den (Holland deputy to and president of States General)",-,Man
275259,"Velde, John van de","Velde, John van de (Amsterdam merchant)",-,Man
RN-PER-0768,,,,
RN-BUS-0046,,,,
350416,"Rice, Samuel","Rice, Samuel",-,Man
260967,"Lyne, John","Lyne, John (of Richmond, Va.)",-,Man
347284,"Bargum, -- de","Bargum, -- de",-,Man
240477,"Bernhard, J.","Bernhard, J. (former Dutch army officer)",-,Man
244327,"Clark, Gregory","Clark, Gregory (Amer. prisoner)",-,Man
254317,"Horton, William","Horton, William (sailor)",-,Man
252099,"Glover, Lewis","Glover, Lewis (Amer. prisoner)",-,Man
52861,"Guild, Benjamin","Guild, Benjamin (1749-1792)",1749-1792,Man
53022,"Hamtramck, John Francis","Hamtramck, John Francis (1756-1803)",1756-1803,Man
RN-BUS-0029,,,,
RN-PER-0596,,,,
240521,"Black, Thomas","Black, Thomas",-,Man
59726,"Watson, Elkanah","Watson, Elkanah (1758-1842)",1758-1842,Man
347771,"Carié, le jeune","Carié, le jeune",-,Man
240666,"Bracht, Herman van","Bracht, Herman van",-,Man
RN-PER-0363,,,,
RN-PER-0443,,,,
RN-ORG-0391,,,,
RN-PER-0838,,,,
51597,"Duncan, James, Jr.","Duncan, James, Jr. (1756-1822)",1756-1822,Man
RN-ORG-0415,,,,
58491,Stephens,"Stephens (Stevens), Joseph (d. 1783)",-1783,Man
347273,"Barber, David F.","Barber, David F.",-,Man
53533,"Holt, William","Holt, William (1737-1791)",1737-1791,Man
RN-PER-0552,,,,
RN-PER-0656,,,,
54850,"Livingston, Robert R.","Livingston, Robert R. (1746-1813)",1746-1813,Man
246667,"Cabarrus, Francisco, Count","Cabarrus, Francisco, Count (1752-1810)",1752-1810,Man
57619,"Rucker, John","Rucker, John (1745-1788)",1745-1788,Man
243624,"Bourgoing (Burgoyne), Jean François, Baron de","Bourgoing (Burgoyne), Jean François, Baron de",-,Man
349054,"Hubbart, Samuel","Hubbart, Samuel",1769-,Man
RN-PER-0405,,,,
60051,"Williams, John Foster","Williams, John Foster (1743-1814)",1743-1814,Man
348279,"Du Ponceau, Louise-Geneviève","Du Ponceau, Louise-Geneviève",1759-1839,Woman
251920,"Freeland, Mace","Freeland, Mace",-,Man
348808,"Grand de la Chaise, Daniel","Grand de la Chaise, Daniel (1761-1818)",1761-1818,Man
275268,"Vergennes, Anne Viviers Testa, comtesse de","Vergennes, Anne Viviers Testa, comtesse de",1730-1798,Woman
350998,"Vergennes, Jean Gravier, marquis de","Vergennes, Jean Gravier, marquis de (1718-1794)",1718-1794,Man
350999,"Vergennes, Jeanne-Claude Chevignard de Chavigny, marquise de","Vergennes, Jeanne-Claude Chevignard de Chavigny, marquise de",-,Woman
242805,"Bright, Michael","Bright, Michael",-,Man
RN-PER-0823,,,,
351188,"Yonger, Levy","Yonger, Levy",-,Man
RN-PER-0132,,,,
347886,"Cheylus, --, marquis de","Cheylus, --, marquis de",-,Man
348938,"Hare, Richard, Jr.","Hare, Richard, Jr.",-,Man
RN-PER-0004,,,,
349458,"Le Paon, Jean-Baptiste","Le Paon, Jean-Baptiste",1740-1785,Man
RN-PER-0469,,,,
261236,"Mends, Benjamin","Mends, Benjamin (of Plymouth, England)",-,Man
349676,"Maillebois, Yves-Marie Desmaretz, comte de","Maillebois, Yves-Marie Desmaretz, comte de",1715-1791,Man
254041,"Hartley, Winchcombe Henry","Hartley, Winchcombe Henry",1740-1794,Man
350336,"Puységur, Armand-Marc-Jacques de Chastenet de","Puységur, Armand-Marc-Jacques de Chastenet de",-,Man
350335,"Puységur, Antoine-Hyacinthe-Anne de Chastenet de","Puységur, Antoine-Hyacinthe-Anne de Chastenet de",-,Man
350338,"Puységur, Jacques-Maxime-Paul de Chastenet de","Puységur, Jacques-Maxime-Paul de Chastenet de",-,Man
350780,"Strange, Robert","Strange, Robert",1721-1792,Man
244439,"Collins, Isaac","Collins, Isaac (Amer. prisoner)",1756-1834,Man
RN-PER-0343,,,,
347392,"Beraud de Ciccati, --","Beraud de Ciccati, --",-,Man
56962,"Porter, Andrew","Porter, Andrew (1743-1813)",1743-1813,Man
240470,"Bergsma, Mr.","Bergsma, Mr. (of Friesland)",-,Man
51261,"Dearborn, Henry","Dearborn, Henry (1750-1829)",1750-1829,Man
55231,"Martin, Benjamin","Martin, Benjamin (1704-1782)",1704-1782,Man
338170,"Fraser, James","Fraser, James (d. 1803)",1745-1803,Man
240481,"Bertin, Henri Léonard Jean Baptiste","Bertin, Henri Léonard Jean Baptiste (1720-1792)",1720-1792,Man
RN-PER-0143,,,,
RN-PER-0337,,,,
50978,"Cumming, John Noble","Cumming, John Noble (1752-1821)",1752-1821,Man
59672,"Washington, Mary Ball","Washington, Mary Ball (1708-1789)",1708-1789,Woman
RN-PER-0168,,,,
RN-PER-0558,,,,
347864,"Chaumont, Madame de","Chaumont, Madame de",-,Woman
258913,"Laurens, Henry, Jr.","Laurens, Henry, Jr. (1763-1821, son of Henry)",1763-1821,Man
246399,"Carr, Overton","Carr, Overton",-,Man
49084,"Beniousky, Maurice-Auguste de","Beniousky, Maurice-Auguste de (1746-1786)",1746-1786,Man
252298,Grieve,"Grieve (Greive), George (British radical)",-,Man
240466,"Van Berckel, Gertruy Roskam","Van Berckel, Gertruy Roskam (d. 1782, wife of Engelbert)",-1782,Woman
RN-PER-0041,,,,
347897,"Cholmondeley, George James, earl of","Cholmondeley, George James, earl of",1749-1827,Man
319676,"Jackson, William","Jackson, William (runaway servant, b. c. 1743)",1743-,Man
54419,"Petty, Sir William, 2d Earl of Shelburne and 1st Marquis of Lansdowne","Petty, Sir William, 2d Earl of Shelburne and 1st Marquis of Lansdowne (1737-1805)",1737-1805,Man
253531,"Gastelier, René-Georges","Gastelier, René-Georges (1741-1821)",1741-1821,Man
350120,"Pachelbel, Georg Wilhelm de","Pachelbel, Georg Wilhelm de",1717-1784,Man
RN-PER-0123,,,,
251145,"Franks, Isaac","Franks, Isaac",1759-1822,Man
RN-PER-0357,,,,
240370,"Baumberg, Johann Christoph","Baumberg, Johann Christoph",-,Man
348971,"Hazlehurst, Isaac","Hazlehurst, Isaac",1742-1834,Man
54688,"Lewis, Elijah","Lewis, Elijah (b. 1741)",1741-,Man
RN-PER-0431,,,,
RN-PER-0204,,,,
349982,"Mourlens, abbé -- de","Mourlens, abbé -- de",-,Man
RN-PER-0607,,,,
240807,"Brouwer, Hendrik, Chs. zoon","Brouwer, Hendrik, Chs. zoon (Rotterdam merchant)",-,Man
RN-PER-0704,,,,
350522,"Royal, William","Royal, William",-,Man
49243,"Blanchard, Jean-Pierre","Blanchard, Jean-Pierre (1753-1809)",1753-1809,Man
259111,"Low, Herr von","Low, Herr von (German official)",-,Man
RN-ORG-0240,,,,
270422,"Schneider, Christian","Schneider, Christian",-,Man
RN-PER-0406,,,,
RN-ORG-0380,,,,
265518,"Pauli, Johann Ulrich","Pauli, Johann Ulrich",-,Man
267723,Quadt Wykeradt,"Quadt Wykeradt (née Baronne De Wyhe), Comtesse de (of The Hague)",-,Woman
348149,"Delfino, Daniele Andrea","Delfino, Daniele Andrea",1748-1798,Man
RN-PER-0470,,,,
RN-PER-0745,,,,
254237,"Hodinpyl, P.","Hodinpyl, P. (of Rotterdam)",-,Man
348392,"Edwards, Daniel","Edwards, Daniel",-,Man
349977,"Moulan, --","Moulan, --",-,Man
350498,"Rose, abbé L. Nicholas","Rose, abbé L. Nicholas",-,Man
RN-PER-0095,,,,
271616,Schreiber,"Schreiber (Schrieber), Jacob (Jacques)",-,Man
254185,"Hill, Hugh","Hill, Hugh (captain, of the Cicero)",-,Man
299976,"Courtauld, Samuel","Courtauld, Samuel",-,Man
256669,"Hilliard d'Auberteuil, Michel René","Hilliard d'Auberteuil, Michel René (1751-1789)",1751-1789,Man
54989,"Lunt, Ezra","Lunt, Ezra (1743-1803)",1743-1803,Man
238815,"Abbema, Balthasar Elias","Abbema, Balthasar Elias (1739-1805, of Amsterdam)",1739-1805,Man
129764,"Freeman, James","Freeman, James (1759-1835)",1759-1835,Man
51847,"Eustis, William","Eustis, William (1753-1825)",1753-1825,Man
RN-PER-0334,,,,
RN-ORG-0385,,,,
RN-PER-0688,,,,
RN-PER-0812,,,,
RN-PER-0403,,,,
55342,"Maxwell, Hugh","Maxwell, Hugh (1733-1799)",1733-1799,Man
50834,"Covenhoven, John","Covenhoven, John (b. 1734)",1734-,Man
RN-PER-0069,,,,
56404,"Oswald, Richard","Oswald, Richard (1705-1784)",1705-1784,Man
59542,"Walmsley, Philip","Walmsley, Philip",-,Man
252329,"Gyselaar, Cornelis de","Gyselaar, Cornelis de (pensionary of Dordrecht)",-,Man
RN-PER-0434,,,,
48693,"Badlam, Ezra","Badlam, Ezra (1746-1788)",1746-1788,Man
264464,"Nolet, Jacobus","Nolet, Jacobus (Schiedam merchant)",-,Man
350379,"Read, Franklin","Read, Franklin",1749-,Man
319576,"Wright, John","Wright, John (b. c. 1745, runaway convict servant)",1745-,Man
53475,"Hodshon, John","Hodshon, John",-,Man
RN-BUS-0014,,,,
338867,"Colcock, John","Colcock, John (1744-1782)",1744-1782,Man
RN-BUS-0008,,,,
350078,"Ogle, Anne","Ogle, Anne",-,Woman
57750,"Sands, Comfort","Sands, Comfort (1748-1834)",1748-1834,Man
57254,"Read, Jacob","Read, Jacob (1752-1816)",1752-1816,Man
RN-PER-0197,,,,
RN-BUS-0003,,,,
276269,"Wynzouw, Jan","Wynzouw, Jan (Dutch schoolmaster)",-,Man
347740,"Caldani, Leopold","Caldani, Leopold",-,Man
347272,"Barbançon, Augustin-Jean-Louis-Antoine du Prat, comte de","Barbançon, Augustin-Jean-Louis-Antoine du Prat, comte de (1750-1797)",1750-1797,Man
50979,"Cummings, Alexander","Cummings, Alexander (1750-1811)",1750-1811,Man
RN-BUS-0013,,,,
347326,"Baussan, --","Baussan, --",-,Man
347327,"Baussan, Madame N.","Baussan, Madame N.",-,Woman
RN-BUS-0004,,,,
RN-PER-0761,,,,
RN-BUS-0066,,,,
347196,"Arnold, Freegift","Arnold, Freegift",-,Man
268170,"Raymond, James","Raymond, James",-,Man
52196,"Fox, Charles James","Fox, Charles James (1749-1806)",1749-1806,Man
RN-PER-0622,,,,
RN-PER-0627,,,,
261237,"Mends, C.","Mends, C. (father of Benjamin)",-,Man
348617,"Freeborn, Alice","Freeborn, Alice",-,Woman
269743,"Saportas, Samuel","Saportas, Samuel (Amsterdam broker)",-,Man
255101,"Hiwell, John","Hiwell, John",-,Man
RN-PER-0441,,,,
RN-PER-0824,,,,
48386,"Allcock, William","Allcock, William",-,Man
RN-PER-0177,,,,
RN-PER-0429,,,,
51470,"Carleton, Guy","Carleton, Guy (1724-1808, 1st Baron Dorchester)",1724-1808,Man
54927,"Lott, Abraham","Lott, Abraham (1725-1794)",1725-1794,Man
52801,"Grenville, Thomas","Grenville, Thomas (1755-1846)",1755-1846,Man
246526,"Canfield, Samuel","Canfield, Samuel (1726-1799, New Milford)",1726-1799,Man
365752,"Brown, Lewis","Brown, Lewis",-,Man
RN-BUS-0001,,,,
RN-BUS-0002,,,,
RN-PER-0013,,,,
267992,"Roorda, Jacob","Roorda, Jacob (of Harlingen, Netherlands)",-,Man
350504,"Rouaix, Mr.","Rouaix, Mr.",1744-1825,Man
338821,"Garden, Alexander","Garden, Alexander (d. 1829) (1757-1829)",1757-1829,Man
348681,"Gaucher, Charles-Etienne","Gaucher, Charles-Etienne",1740-1804,Man
RN-PER-0505,,,,
347986,"Coppens, fils","Coppens, fils",-,Man
RN-PER-0071,,,,
320592,"Read, John","Read, John (runaway servant, b. c. 1742)",1742-,Man
59304,"Van Deursen, William Sr.","Van Deursen, William Sr. (1752-1824)",1752-1824,Man
348722,"Gerbier de Werchamp, Humbert","Gerbier de Werchamp, Humbert",1727-1795,Man
55044,"Machin, Thomas","Machin, Thomas (1744-1816)",1744-1816,Man
RN-ORG-0162,,,,
52615,"Gordon, James","Gordon, James (officer)",-,Man
262307,"Montour, John","Montour, John (son of Andrew Montour; Indian)",-,Man
RN-PER-0797,,,,
RN-BUS-0017,,,,
48594,"Asgill, Charles","Asgill, Charles (1762-1823)",1762-1823,Man
244182,"Chabanel, Mme. V.","Chabanel, Mme. V. (of Amsterdam)",-,Woman
RN-PER-0063,,,,
RN-PER-0308,,,,
RN-PER-0364,,,,
RN-PER-0801,,,,
RN-PER-0118,,,,
254106,"Heefke, Jan","Heefke, Jan (glassmaker)",-,Man
RN-PER-0665,,,,
148009,"Reid, George","Reid, George (1733-1815)",1733-1815,Man
278229,"Wetmore, Hezekiah","Wetmore, Hezekiah",-,Man
56775,"Peyster, Pierre De","Peyster, Pierre De",-,Man
RN-PER-0362,,,,
RN-PER-0794,,,,
265424,"Oyré, François Ignace Ervoil d'","Oyré, François Ignace Ervoil d' (1739-1799)",1739-1799,Man
RN-PER-0682,,,,
RN-PER-0146,,,,
51942,"Favi, Francesco","Favi, Francesco",-,Man
RN-PER-0366,,,,
50575,"Cochran, John","Cochran, John (1730-1807)",1730-1807,Man
241801,"Brahm, Ferdinand Joseph Sebastian de","Brahm, Ferdinand Joseph Sebastian de (1752-1822)",1752-1822,Man
RN-PER-0344,,,,
RN-PER-0250,,,,
49375,"Bouillé, François-Claude-Amour, marquis de","Bouillé, François-Claude-Amour, marquis de (1739-1800)",1739-1800,Man
RN-BUS-0009,,,,
57237,"Rawle, William","Rawle, William (1759-1836)",1759-1836,Man
RN-BUS-0089,,,,
244228,"Chapman, Richard","Chapman, Richard (Amer. prisoner)",-,Man
RN-PER-0808,,,,
RN-PER-0205,,,,
RN-PER-0789,,,,
RN-BUS-0011,,,,
275136,"Uhl, Jean Henri David","Uhl, Jean Henri David (Prussian lawyer)",-,Man
259669,"Lossberg, Friedrich Wilhelm von","Lossberg, Friedrich Wilhelm von",-,Man
267770,"Quackenbush, Nicholas N.","Quackenbush, Nicholas N. (1764-1823)",1764-1823,Man
54077,"Jones, David","Jones, David (1736-1820)",1736-1820,Man
347389,"Benyowsky, Susanna Hensky, comtesse de","Benyowsky, Susanna Hensky, comtesse de",-,Woman
RN-BUS-0026,,,,
260171,"Ludlow, George James","Ludlow, George James (1758-1842)",1758-1842,Man
RN-PER-0336,,,,
274210,"Target, Guy-Jean-Baptiste","Target, Guy-Jean-Baptiste (1733-1806)",1733-1806,Man
RN-PER-0525,,,,
RN-PER-0492,,,,
RN-ORG-0375,,,,
347206,"Artus, Antoine-Norbert d'","Artus, Antoine-Norbert d'",-,Man
347357,"Beckwith, Miss S.","Beckwith, Miss S.",-,Woman
60166,"Winthrop, Hannah Fayerweather Tolman","Winthrop, Hannah Fayerweather Tolman (1727-1790)",1727-1790,Woman
347955,"Colomb, Pierre","Colomb, Pierre (b. 1754)",1754-,Man
55011,"Lynch, John","Lynch, John (of Md.)",1752-1796,Man
349084,"Hüllmandel, Nicolas-Joseph","Hüllmandel, Nicolas-Joseph",1756-1823,Man
RN-PER-0527,,,,
RN-PER-0792,,,,
58576,"Stockton, Annis Boudinot","Stockton, Annis Boudinot (1736-1801)",1736-1801,Woman
50050,"Du Cange, Mr.","Du Cange, Mr.",-,Man
60384,"Zeebergh, Adriaan van","Zeebergh, Adriaan van (1746-1824)",1746-1824,Man
348457,"Faesch, Mr.","Faesch, Mr.",-,Man
RN-PER-0702,,,,
348251,"Drogart, C.","Drogart, C.",-,Man
52676,"Grantham, Thomas Robinson, Second Baron","Grantham, Thomas Robinson, Second Baron (1738-1786)",1738-1786,Man
50508,"Claypoole, William","Claypoole, William",-,Man
241063,"Bancker, Gerard","Bancker, Gerard (1740-1799)",1740-1799,Man
259107,"Loveney, John","Loveney, John (of Amsterdam)",-,Man
347871,"Chauncey, George","Chauncey, George",-,Man
59385,"Vaughan, William","Vaughan, William (1752-1850)",1752-1850,Man
RN-PER-0318,,,,
277677,"Witherell, James","Witherell, James (1759-1838)",1759-1838,Man
350284,"Poncelin de La Roche-Tilhac, abbé Jean-Charles","Poncelin de La Roche-Tilhac, abbé Jean-Charles",1746-1828,Man
RN-PER-0077,,,,
RN-PER-0184,,,,
RN-ORG-0189,,,,
60060,"Williamson, Hugh","Williamson, Hugh (1735-1819)",1735-1819,Man
247107,"Claypoole, David Chambers","Claypoole, David Chambers",1757-1849,Man
59368,"Vaudreuil, Louis-Philippe de Rigaud, marquis de","Vaudreuil, Louis-Philippe de Rigaud, marquis de (1724-1802)",1724-1802,Man
306149,"Mix, John, Jr.","Mix, John, Jr.",-,Man
350655,"Shuttleworth, John","Shuttleworth, John",-,Man
49065,"Bell, William","Bell, William (1717-1807)",1717-1807,Man
RN-PER-0447,,,,
53409,"Hill, Henry","Hill, Henry (1732-1798)",1732-1798,Man
RN-PER-0610,,,,
49092,"Benson, Robert","Benson, Robert (1739-1823)",1739-1823,Man
RN-PER-0726,,,,
50540,"Clift, Wills","Clift, Wills (1745-1810)",1745-1810,Man
RN-PER-0416,,,,
53072,"Hardy, Joseph","Hardy, Joseph",-,Man
RN-PER-0145,,,,
54857,"Lloyd, Amelia Leigh","Lloyd, Amelia Leigh",-,Woman
RN-PER-0806,,,,
301395,"Filangieri, Gaetano","Filangieri, Gaetano (b. 1752)",1752-1788,Man
RN-PER-0685,,,,
53695,"Hughes, Thomas","Hughes, Thomas (c.1751-1821)",1751-1821,Man
59887,"Wheaton, Joseph","Wheaton, Joseph (1755-1828)",1755-1828,Man
243371,"Berkenrode, Mattheus Lestevenon heer van Hazerswoude en","Berkenrode, Mattheus Lestevenon heer van Hazerswoude en (1715-1797)",1715-1797,Man
RN-PER-0213,,,,
RN-PER-0384,,,,
RN-PER-0788,,,,
59924,"Whitefoord, Caleb","Whitefoord, Caleb (1734-1810)",1734-1810,Man
60291,"Wright, Joseph","Wright, Joseph (1734-1797)",1734-1797,Man
305038,"Corne, Peter","Corne, Peter",-,Man
RN-PER-0352,,,,
58163,"Smith, David","Smith, David (1747-1814)",1747-1814,Man
RN-PER-0765,,,,
RN-PER-0361,,,,
RN-PER-0216,,,,
241442,"Betts, Thaddeus","Betts, Thaddeus",-,Man
59092,"Townshend, Thomas first Viscount Sydney","Townshend, Thomas first Viscount Sydney (1733-1800)",1733-1800,Man
259067,"Loosjes, Adriaan Pieterszoon","Loosjes, Adriaan Pieterszoon (Dutch writer)",1761-1818,Man
RN-PER-0450,,,,
349183,"Kelly, Amy","Kelly, Amy",-,Woman
RN-PER-0075,,,,
48994,"Beall, Samuel","Beall, Samuel (1713-1788)",1713-1788,Man
350638,"Servin, Antoine-Nicholas","Servin, Antoine-Nicholas",1746-1811,Man
128883,"Carr, Samuel","Carr, Samuel (1771-1855)",1771-1855,Man
240604,"Borsselert, W. Z. van","Borsselert, W. Z. van",-,Man
RN-PER-0664,,,,
RN-PER-0561,,,,
49614,"Brongniart, Alexandre-Théodore","Brongniart, Alexandre-Théodore (1739-1813)",1739-1813,Man
RN-PER-0040,,,,
RN-ORG-0340,,,,
RN-ORG-0060,,,,
51363,"Dexter, John Singer","Dexter, John Singer (1754-1844)",1754-1844,Man
RN-BUS-0077,,,,
49716,"Bruin, Bryan","Bruin, Bryan",-,Man
RN-PER-0310,,,,
365556,"Grey, William","Grey, William (prisoner)",-,Man
RN-PER-0609,,,,
48863,"Barrett, Nathaniel","Barrett, Nathaniel (1743-1793)",1743-1793,Man
58859,"Tazewell, Henry","Tazewell, Henry (1753-1799)",1753-1799,Man
RN-PER-0060,,,,
57547,"Ronnay, Chevalier de","Ronnay, Chevalier de",-,Man
RN-PER-0632,,,,
350288,"Ponteney, --, comtesse de","Ponteney, --, comtesse de",-,Woman
250223,"Eppes, Elizabeth Wayles","Eppes, Elizabeth Wayles (TJ’s sister-in-law; John Wayles Eppes’s mother)",1752-1810,Woman
349152,"Josselin, Laurent","Josselin, Laurent",1752-,Man
52831,"Griffitts, Samuel Powel","Griffitts, Samuel Powel (1759-1826)",1759-1826,Man
254298,"Hope, Alexander","Hope, Alexander (Amer. sailor)",-,Man
246250,"Coste, Jean François","Coste, Jean François (1741-1819)",1741-1819,Man
56363,"Oliver, Robert","Oliver, Robert (1738-1810)",1738-1810,Man
249188,"Darah (Darrah), Mr.","Darah (Darrah), Mr.",-,Man
50249,"Chalmers, James","Chalmers, James (1727-1806)",1727-1806,Man
57883,"Segond de Sederon, Jacques-Marie-Blaise, Chevalier [de]","Segond de Sederon, Jacques-Marie-Blaise, Chevalier [de] (1758-1832)",1758-1832,Man
49503,"Brantsen, Gerard","Brantsen, Gerard (1735-1809)",1735-1809,Man
53639,"Howell, Jacob Samuel","Howell, Jacob Samuel (1749-1793)",1749-1793,Man
350311,"Preble, Joshua","Preble, Joshua",1759-1803,Man
58609,"Storer, Charles","Storer, Charles (1761-1829)",1761-1829,Man
349763,"Mathews, James","Mathews, James",-,Man
254272,"Holtzhey, Jean George","Holtzhey, Jean George (Dutch medal maker)",1729-1808,Man
55237,"Martin, Hugh","Martin, Hugh (d. 1784)",-1784,Man
RN-PER-0212,,,,
RN-PER-0195,,,,
54418,"Lansdale, Thomas","Lansdale, Thomas (1748-1803)",1748-1803,Man
57934,Shailor,"Shailor (Shayler, Shailer), Joseph (1737-1816)",1737-1816,Man
249238,"Davies, John","Davies, John",-,Man
RN-PER-0291,,,,
348393,"Edwards, Ezekiel","Edwards, Ezekiel",-,Man
266034,"Pearce, James","Pearce, James (England)",-,Man
RN-PER-0052,,,,
RN-PER-0326,,,,
128887,"Popham, William","Popham, William (1752-1847)",1752-1847,Man
52400,"Garthshore, Maxwell","Garthshore, Maxwell (1732-1812)",1732-1812,Man
249889,"Eld, George","Eld, George",-1793,Man
56339,"Ogden, Samuel","Ogden, Samuel (1746-1810)",1746-1810,Man
48960,"Baylies, Hodijah","Baylies, Hodijah (1756-1843)",1756-1843,Man
RN-PER-0437,,,,
58632,"Strachey, Henry","Strachey, Henry (1736-1810)",1736-1810,Man
RN-ORG-0003,,,,
48849,"Barney, Joshua","Barney, Joshua (1759-1818)",1759-1818,Man
256605,"Hermelin, Samuel Gustaf, Baron","Hermelin, Samuel Gustaf, Baron (1744-1820)",1744-1820,Man
348334,"Duplan, Jean-Pierre","Duplan, Jean-Pierre",-,Man
266592,"Panckoucke, Charles Joseph","Panckoucke, Charles Joseph (1736-1798)",1736-1798,Man
55941,"Morris, Mary White","Morris, Mary White (1749-1827)",1749-1827,Woman
51445,"Doll, George J. L.","Doll, George J. L.",-,Man
RN-PER-0690,,,,
348396,"Ehet, Johann Thaddeus de","Ehet, Johann Thaddeus de",-,Man
267492,"Pio, Luigi de","Pio, Luigi de",-,Man
RN-PER-0735,,,,
49724,"Brush, Eliphalet","Brush, Eliphalet (1748-1846)",1748-1846,Man
RN-PER-0092,,,,
348435,"Espagnac, Jean-Baptiste-Joseph d’Amarzit de Sahuguet, baron d'","Espagnac, Jean-Baptiste-Joseph d’Amarzit de Sahuguet, baron d'",1713-1783,Man
57318,"Rhea, Jonathan","Rhea, Jonathan (1754-1815)",1754-1815,Man
RN-ORG-0346,,,,
251268,"Fanning, Nathaniel","Fanning, Nathaniel (1755-1805)",1755-1805,Man
56699,"Penn, Juliana Fermor","Penn, Juliana Fermor (1729-1801)",1729-1801,Woman
RN-PER-0068,,,,
54620,"Le Mayeur, Jean Pierre","Le Mayeur, Jean Pierre (b. 1752)",1752-,Man
RN-PER-0809,,,,
RN-PER-0733,,,,
59495,"Walker, George","Walker, George (1763-1819)",1763-1819,Man
53085,"Harford, Henry","Harford, Henry (1762-1834)",1762-1834,Man
349034,"Holt, George","Holt, George",-,Man
263214,"Mumford, Gurdon S.","Mumford, Gurdon S. (1764-1831)",1764-1831,Man
58661,"Stuart, David","Stuart, David (1753-1814)",1753-1814,Man
50766,"Cooper, Samuel","Cooper, Samuel (1725-1783)",1725-1783,Man
347499,"Bois-Valée, Charles-Dominique de Vyssery de","Bois-Valée, Charles-Dominique de Vyssery de",-,Man
55934,"Morris, Lewis Richard","Morris, Lewis Richard (1760-1825)",1760-1825,Man
52062,"Fitzherbert, Alleyne Baron St. Helens","Fitzherbert, Alleyne Baron St. Helens (1753-1839)",1753-1839,Man
RN-PER-0196,,,,
244577,"Creutz, Gustaf Philip, Graf von","Creutz, Gustaf Philip, Graf von (1731-1785, Swedish ambassador to France)",1731-1785,Man
53520,"Holmer, Christian","Holmer, Christian (d. 1783)",-1783,Man
306097,"Morris, James","Morris, James (captain)",-,Man
RN-ORG-0147,,,,
RN-PER-0294,,,,
347373,"Parent de Bellehache, Mr.","Parent de Bellehache, Mr.",-,Man
276974,"Williams, Lilburn","Williams, Lilburn",1748-1794,Man
252054,"Geoffroy, Etienne Louis","Geoffroy, Etienne Louis (1725-1810)",1725-1810,Man
50712,"Converse, Thomas","Converse, Thomas (1738-1809)",1738-1809,Man
302252,"Powell, Thomas","Powell, Thomas",-,Man
49452,"Boylston, Thomas","Boylston, Thomas (1691-1739)",1691-,Man
RN-PER-0589,,,,
303017,"Ten Broeck, Peter B.","Ten Broeck, Peter B.",-,Man
349019,"Hirigoyen, Joseph","Hirigoyen, Joseph",-,Man
239937,"Albon, Claude Camille François, Comte d'","Albon, Claude Camille François, Comte d' (1753-1789)",1753-1789,Man
RN-PER-0130,,,,
246943,"Chandler, Joseph","Chandler, Joseph",-,Man
49171,"Billings, Andrew","Billings, Andrew (1743-1808)",1743-1808,Man
RN-ORG-0378,,,,
301780,"Kinloch, Cleland","Kinloch, Cleland",1759-1823,Man
RN-PER-0543,,,,
RN-PER-0646,,,,
RN-PER-0325,,,,
RN-BUS-0082,,,,
347552,"Bourdic, Marie-Anne-Henriette Payan de l'Estaing, baronne de","Bourdic, Marie-Anne-Henriette Payan de l'Estaing, baronne de",1744-1802,Woman
253864,"Gross, Alexander","Gross, Alexander",-,Man
RN-PER-0367,,,,
RN-PER-0419,,,,
RN-PER-0451,,,,
271196,"Stephenson, David","Stephenson, David (major)",-,Man
48845,"Barnett, William","Barnett, William (1761-1832)",1761-1832,Man
RN-PER-0730,,,,
RN-ORG-0374,,,,
128991,"Smith, William Peartree","Smith, William Peartree (1723-1801)",1723-1801,Man
RN-PER-0309,,,,
321246,"Hill, James","Hill, James (captured slave, 1776-06-29)",1763-,Man
365588,"Hill, Charles","Hill, Charles (of Manchester, England)",-,Man
267930,"Robbins, Chandler, Jr.","Robbins, Chandler, Jr. (CA's tutor)",-,Man
58056,"Sill, Richard","Sill, Richard (1755-1790)",1755-1790,Man
365557,"Grubb, Richard","Grubb, Richard (of Paris)",-,Man
262634,"Macarty, William","Macarty, William",-,Man
RN-PER-0449,,,,
259400,"Lee, Sidney","Lee, Sidney",-,Woman
303460,"Wright, Joseph Allyn","Wright, Joseph Allyn",-,Man
59615,"Washington, Bushrod","Washington, Bushrod (1762-1829)",1762-1829,Man
RN-PER-0024,,,,
246166,"Colles, Christopher","Colles, Christopher (1739-1816)",1739-1816,Man
51964,"Fenno, Ephraim","Fenno, Ephraim (b. 1734)",1734-,Man
RN-PER-0692,,,,
250490,"Faujas de Saint Fond, Barthélemy","Faujas de Saint Fond, Barthélemy (1741-1819)",1741-1819,Man
348673,"Garos, Louis-Julien","Garos, Louis-Julien",1739-1808,Man
RN-PER-0497,,,,
RN-PER-0487,,,,
48374,"Alexander, Sarah Livingston","Alexander, Sarah Livingston (1725-1805, Lady Stirling)",1725-1805,Woman
348289,"Le Page Fiquet, Marie-Anne","Le Page Fiquet, Marie-Anne (dame Duboccage)",1710-1802,Woman
348699,"Gebhard, --","Gebhard, --",-,Man
350931,"Trout, Joseph","Trout, Joseph",-,Man
365463,"Davis, Richard","Davis, Richard (of Newbury, Mass.)",-,Man
RN-PER-0641,,,,
56503,"Parker, Daniel","Parker, Daniel",-,Man
250588,"Fletcher, Col.","Fletcher, Col. (British)",-,Man
RN-PER-0577,,,,
271839,"Smith, Jacob","Smith, Jacob (of R.I.)",-,Man
RN-PER-0671,,,,
58610,"Storer, Ebenezer","Storer, Ebenezer (1730-1807)",1730-1807,Man
RN-PER-0460,,,,
348316,"Duhellés (du Hellés), Pitot","Duhellés (du Hellés), Pitot",-,Man
239735,"Arnold, Jonathan","Arnold, Jonathan (1741-1793, R.I.)",1741-1793,Man
275539,"Vaughan, Samuel, Jr.","Vaughan, Samuel, Jr. (1762-1802)",1762-1802,Man
349288,"La Salle d'Offémont, Adrien-Nicolas-Piedefer de","La Salle d'Offémont, Adrien-Nicolas-Piedefer de",1735-1818,Man
RN-PER-0490,,,,
RN-ORG-0318,,,,
350525,"Roze de Chantoiseau, Mathurin","Roze de Chantoiseau, Mathurin",-,Man
259114,"Lowell, James Russell","Lowell, James Russell",1819-1891,Man
RN-ORG-0103,,,,
347639,"Brossière, --","Brossière, --",-,Man
347750,"Campo-de-Arbe, Mr.","Campo-de-Arbe, Mr.",-,Man
248145,"Delius, Christoph Dietrich Arnold","Delius, Christoph Dietrich Arnold",1742-1819,Man
RN-PER-0342,,,,
244400,"Codman, Stephen","Codman, Stephen (son of John, Sr.)",1758-1844,Man
RN-PER-0385,,,,
130687,"Phillips, Samuel, Jr.","Phillips, Samuel, Jr. (1752-1802)",1752-1802,Man
53168,"Harvey, Reuben","Harvey, Reuben (1734-1808)",1734-1808,Man
RN-PER-0178,,,,
347107,"Aepinus, Franz Ulrich Theodor","Aepinus, Franz Ulrich Theodor (1724-1802)",1724-1802,Man
350108,"O'Connell, Daniel Charles","O'Connell, Daniel Charles (1745-1833)",1745-1833,Man
56331,"Ogden, Aaron","Ogden, Aaron (1756-1839)",1756-1839,Man
56831,"Pierce, William Leigh","Pierce, William Leigh (1740-1789)",1740-1789,Man
258862,"Lagau, Philippe Jean Joseph","Lagau, Philippe Jean Joseph (French chargé at Hamburg)",-,Man
53841,"Ingraham, Duncan, Jr.","Ingraham, Duncan, Jr. (1752-1804)",1752-1804,Man
RN-PER-0327,,,,
349650,"Macarty, George William René","Macarty, George William René",-,Man
RN-PER-0017,,,,
RN-BUS-0079,,,,
RN-PER-0446,,,,
RN-PER-0630,,,,
50786,"Corbin, Richard","Corbin, Richard (c. 1714-1790)",1714-1790,Man
RN-PER-0409,,,,
365738,"Weinbrenner, Joseph Paul Reichsfreiherr von","Weinbrenner, Joseph Paul Reichsfreiherr von (1728-1807)",1728-1807,Man
53757,"Huntingdon, Selena Hastings, countess of","Huntingdon, Selena Hastings, countess of (1707-1791)",1707-1791,Woman
56429,"Paca, William","Paca, William (1740-1799)",1740-1799,Man
RN-PER-0614,,,,
277266,"Wyckoff, Hendrick","Wyckoff, Hendrick",-,Man
347343,"Beaujeu, --, comte de","Beaujeu, --, comte de",-,Man
RN-PER-0520,,,,
256206,"Howard, John","Howard, John (1753-1816)",1753-1816,Man
348967,"Haxthausen, August","Haxthausen, August (baron)",1738-1793,Man
RN-PER-0648,,,,
RN-BUS-0022,,,,
RN-PER-0209,,,,
52203,"Fox, George","Fox, George (1759-1828)",1759-1828,Man
53376,"Heth, William","Heth, William (1750-1807)",1750-1807,Man
349306,"Lacarre, --","Lacarre, --",-,Man
60267,"Wormeley, John Tayloe","Wormeley, John Tayloe (1780-1801)",1780-1801,Man
348053,"Crome, August Friedrich Wilhelm","Crome, August Friedrich Wilhelm",1753-1833,Man
59270,"Van Berckel, Pieter Johan","Van Berckel, Pieter Johan (1725-1800)",1725-1800,Man
351047,"Vogler, George Joseph, abbé","Vogler, George Joseph, abbé (1749-1814)",1749-1814,Man
259810,"La Valette, Charles François Chandéon, Chevalier de","La Valette, Charles François Chandéon, Chevalier de",-,Man
RN-PER-0408,,,,
RN-PER-0747,,,,
54292,"Kirkwood, Robert H., Jr.","Kirkwood, Robert H., Jr. (1756-1791)",1756-1791,Man
RN-PER-0772,,,,
RN-PER-0779,,,,
RN-PER-0014,,,,
243627,"Bourne, John","Bourne, John",-,Man
349390,"Launey de Fresney, François de","Launey de Fresney, François de",1729-1799,Man
RN-PER-0668,,,,
58867,"Tegelaar, Jan Gabriël","Tegelaar, Jan Gabriël",-,Man
271698,"Shattuck, William","Shattuck, William (d. 1788)",-1788,Man
RN-PER-0035,,,,
130320,"Olney, Stephen Thayer","Olney, Stephen Thayer (1812-1878)",1812-1878,Man
347741,"Calder, John","Calder, John (1733-1815)",1733-1815,Man
338151,"Rutledge, Sarah Hext","Rutledge, Sarah Hext (Mrs. John) (1724-1792)",1724-1792,Woman
246595,"Colden, Henrietta Maria Bethune","Colden, Henrietta Maria Bethune",-,Woman
RN-PER-0242,,,,
365575,"Gauthey, dom --","Gauthey, dom --",-,Man
347497,"Boillat, Peter","Boillat, Peter",-,Man
RN-ORG-0242,,,,
RN-PER-0526,,,,
48683,"Bache, William","Bache, William (1773-1814)",1773-1814,Man
347624,"Marion de La Brillantais, Louis-Marie","Marion de La Brillantais, Louis-Marie",1743-,Man
RN-PER-0545,,,,
RN-PER-0597,,,,
348569,"Fossé, Charles-Louis-François","Fossé, Charles-Louis-François",1734-1812,Man
348754,"Giusti, Peter Paul von, baron de","Giusti, Peter Paul von, baron de",-,Man
54656,"L'Estrade, Claude-Amable-Vincent de Requeplan, baron de","L'Estrade, Claude-Amable-Vincent de Requeplan, baron de (1729-1819)",1729-1819,Man
RN-PER-0180,,,,
350536,"Rutledge d'Herbigny, Marie-Julie","Rutledge d'Herbigny, Marie-Julie",1748-1806,Woman
304029,"Le Grand, ——","Le Grand, —— (Mme)",-,Woman
RN-PER-0297,,,,
128631,"Pléville, Georges-René Le Pelley de","Pléville, Georges-René Le Pelley de (1726-1805)",1726-1805,Man
347302,"Bartoli, Joseph","Bartoli, Joseph",1717-1788,Man
RN-PER-0108,,,,
RN-PER-0654,,,,
263996,"Messey, Mr.","Messey, Mr.",-,Man
RN-PER-0502,,,,
54261,"King, John","King, John (1740-1811)",1740-1811,Man
270498,"Searle, John","Searle, John (wine merchant)",-,Man
RN-PER-0631,,,,
RN-PER-0749,,,,
RN-PER-0106,,,,
349659,"Mackinnen, William, Jr.","Mackinnen, William, Jr.",1760-1794,Man
RN-PER-0538,,,,
253857,"Grivel, Guillaume","Grivel, Guillaume (1735-1810)",1735-1810,Man
RN-PER-0371,,,,
349738,"Martin, C. Barthélémy, fils","Martin, C. Barthélémy, fils",-,Man
48719,"Baker, John","Baker, John (d. 1796)",-1796,Man
275837,"Waltersdorff, Ernst Frederik von","Waltersdorff, Ernst Frederik von (1755-1820)",1755-1820,Man
342778,"Fitzsimons, Thomas","Fitzsimons, Thomas (commissioner)",-,Man
261480,"Maclean, Allan","Maclean, Allan (1725–1798)",1725-1798,Man
269599,"Rosencrone, Marcus Gerhard, Baron","Rosencrone, Marcus Gerhard, Baron",-,Man
RN-PER-0315,,,,
RN-PER-0167,,,,
RN-PER-0519,,,,
RN-PER-0112,,,,
52859,"Guéniot, Charles François","Guéniot, Charles François (d. 1802)",-1802,Man
55593,"Mellen, James","Mellen, James (1733-1812)",1733-1812,Man
58552,"Stewart, Robert","Stewart, Robert (of Va. Regiment)",-,Man
59804,"Welch, Wakelin, Jr.","Welch, Wakelin, Jr.",-,Man
56858,"Pintard, John Marsden","Pintard, John Marsden (1760-1811)",1760-1811,Man
347588,"Brancas, Bufile-Antoine-Léon de Brancas, comte de","Brancas, Bufile-Antoine-Léon de Brancas, comte de",-,Man
348837,"Greissot, --","Greissot, --",-,Man
348906,"Hadenbrock, Jean","Hadenbrock, Jean",-,Man
251688,"Fergusson, David","Fergusson, David",-,Man
55452,"McDougall, Ranald Stephen","McDougall, Ranald Stephen (1754-1786)",1754-1786,Man
348120,"Davies, Mary Ann","Davies, Mary Ann",1744-1816,Woman
349668,"Madlin, --","Madlin, --",-,Man
RN-PER-0425,,,,
268892,"Roberts, Thomas","Roberts, Thomas (1743-1799)",1743-1799,Man
50086,"Carlile, John","Carlile, John (captain)",-,Man
256550,"Helmsley, William","Helmsley, William",-,Man
RN-PER-0397,,,,
RN-PER-0154,,,,
RN-PER-0603,,,,
277821,"Walke, Thomas","Walke, Thomas (c. 1740-1797)",1740-1797,Man
RN-PER-0150,,,,
263602,"Manchester, George Montagu, fourth Duke of","Manchester, George Montagu, fourth Duke of (1737-1788)",1737-1788,Man
RN-ORG-0357,,,,
347203,"Artaud, Jean-Baptiste","Artaud, Jean-Baptiste (1732-1796)",1732-1796,Man
RN-PER-0571,,,,
350875,"Thorogood, Stephen","Thorogood, Stephen",-,Man
RN-PER-0170,,,,
240566,"Boers (Bourse), Frederik Willem","Boers (Bourse), Frederik Willem",-,Man
54010,"Johnson, Catherine Nuth","Johnson, Catherine Nuth (1757-1811)",1757-1811,Woman
350433,"Ridley, Ann Richardson","Ridley, Ann Richardson",1755-1784,Woman
53301,"Heintz, Jean, chevalier de","Heintz, Jean, chevalier de",-,Man
RN-PER-0605,,,,
52633,"Gorham, Nathaniel","Gorham, Nathaniel (1738-1796)",1738-1796,Man
RN-PER-0201,,,,
251946,"Frondeville, Thomas Louis César Lambert de","Frondeville, Thomas Louis César Lambert de (1750-1816)",1750-1816,Man
350102,"Ourry, Ann","Ourry, Ann",-,Woman
250463,"Fagan, Mr.","Fagan, Mr.",-,Man
52613,"Gordon, Harry","Gordon, Harry (d. 1787)",-1787,Man
RN-PER-0055,,,,
348597,"Franck, Mr. de","Franck, Mr. de",-,Man
RN-PER-0524,,,,
347817,"Chabrit, Pierre","Chabrit, Pierre",1747-1785,Man
RN-PER-0781,,,,
RN-PER-0202,,,,
RN-ORG-0381,,,,
RN-PER-0510,,,,
56003,"Moseley, Benjamin M.D.","Moseley, Benjamin M.D. (1742-1819)",1742-1819,Man
RN-PER-0719,,,,
255819,"Holland, Elizabeth Vassall Fox, Lady","Holland, Elizabeth Vassall Fox, Lady",-,Woman
RN-PER-0673,,,,
347263,"Bandeira, -- de Monteiro","Bandeira, -- de Monteiro",-,Man
270111,"Spener, Charles","Spener, Charles",-,Man
245869,"Cagigal, Don Juan Manuel de","Cagigal, Don Juan Manuel de (1754-1823)",1754-1823,Man
350072,"Foucher, Mr., chevalier d'Obsonville","Foucher, Mr., chevalier d'Obsonville",1734-1802,Man
48384,"Allan, John","Allan, John (1747-1805)",1747-1805,Man
349185,"Kempelen, Wolfgang von","Kempelen, Wolfgang von",1734-1804,Man
257572,"Jones, Ruthey","Jones, Ruthey (b. 1753)",1753-,Woman
57506,"Rodgers, John","Rodgers, John (1727-1811)",1727-1811,Man
RN-PER-0033,,,,
287841,"Barton, William","Barton, William (1754-1817)",1754-1817,Man
59805,"Welch, Wakelin, Sr.","Welch, Wakelin, Sr. (d. 1796)",-1796,Man
275040,"Treuttel, Jean Georges","Treuttel, Jean Georges",1744-1826,Man
365639,"Lassone, Joseph Marie François de","Lassone, Joseph Marie François de",1717-1788,Man
351069,"Walsh, James","Walsh, James",-,Man
RN-PER-0292,,,,
347410,"Bernier, François","Bernier, François",-,Man
348080,"Dacier, Bon-Joseph, baron","Dacier, Bon-Joseph, baron",1742-1833,Man
52464,"Gibbs, Samuel","Gibbs, Samuel (1770-1815)",1770-1815,Man
253032,"Gauthier, M.","Gauthier, M.",-,Man
RN-PER-0359,,,,
350568,"Salvador, Joseph","Salvador, Joseph",1716-1786,Man
50291,"Channing, William","Channing, William (1751-1793)",1751-1793,Man
253500,"Gardner, Caleb","Gardner, Caleb",-,Man
338964,"Davidson, Alexander","Davidson, Alexander (d. c. 1765)",-1765,Man
RN-PER-0042,,,,
128993,"Holyoke, Edward Augustus","Holyoke, Edward Augustus (1728-1829)",1728-1829,Man
RN-ORG-0252,,,,
365555,"Green, Peter","Green, Peter (sailor)",-,Man
350143,"Parmele, Timothy","Parmele, Timothy",-,Man
59313,"Van Hogendorp, Gijsbert Karel","Van Hogendorp, Gijsbert Karel (1762-1834)",1762-1834,Man
RN-PER-0355,,,,
58411,"Staël-Holstein, Anne-Louise-Germaine Necker, Baronne [de]","Staël-Holstein, Anne-Louise-Germaine Necker, Baronne [de] (1766-1817)",1766-1817,Woman
RN-PER-0742,,,,
59232,"Tyler, Royall","Tyler, Royall (1757-1826)",1757-1826,Man
247890,"Deux Ponts, Charles-Auguste-Christian, Count Palatine, duc de","Deux Ponts, Charles-Auguste-Christian, Count Palatine, duc de",1746-1795,Man
RN-PER-0266,,,,
348199,"Dessin, Pierre","Dessin, Pierre",-,Man
264090,Miroménil,"Miroménil (Miromesnil), Armand Thomas Hue, Marquis de (1723-1796)",1723-1796,Man
241152,"Barry, William","Barry, William (1754-1838, of Fairfax County)",1754-1838,Man
RN-PER-0727,,,,
RN-PER-0417,,,,
350477,"Rohan-Polduc, François Marie-des-Neiges Emmanuel","Rohan-Polduc, François Marie-des-Neiges Emmanuel",1725-1797,Man
55056,"MacLaine, Archibald","MacLaine, Archibald (1728-1790)",1728-1791,Man
49218,"Blagden, Charles","Blagden, Charles (1745-1811)",1745-1811,Man
58063,"Simms, Charles","Simms, Charles (1755-1819)",1755-1819,Man
51767,"Ellsworth, Oliver","Ellsworth, Oliver (1745-1807)",1745-1807,Man
347201,"Arriaga Brum da Silveyra, José de","Arriaga Brum da Silveyra, José de",-,Man
50705,"Connolly, Michael","Connolly, Michael (d. 1806)",-1806,Man
304891,"Bronson, Isaac","Bronson, Isaac",-,Man
RN-PER-0299,,,,
349515,"Lermonth, Alexander","Lermonth, Alexander",-,Man
347684,"Bunker, Job","Bunker, Job",-,Man
350179,"Pecquet, Jean-Baptiste","Pecquet, Jean-Baptiste",-,Man
RN-PER-0624,,,,
148194,"Hunt, John","Hunt, John (1716-1777, Watertown, MA)",1716-1777,Man
RN-PER-0207,,,,
RN-PER-0043,,,,
55194,"Markov, Arkady","Markov, Arkady (1747-1827)",1747-1827,Man
53633,"Howe, Bezaleel","Howe, Bezaleel (1750-1825)",1750-1825,Man
348297,"Dubosquet, Fabre","Dubosquet, Fabre",-,Man
RN-PER-0684,,,,
59310,"Van Dyke, Nicholas","Van Dyke, Nicholas (1738-1789)",1738-1789,Man
48947,"Bayard, John","Bayard, John",-,Man
350891,"Titius, Charles-Henri","Titius, Charles-Henri",1744-1813,Man
54876,"Lloyd, Thomas","Lloyd, Thomas (1756-1827)",1756-1827,Man
58317,"Solms und Tecklenberg, Friedrich Christoph, Graf zu","Solms und Tecklenberg, Friedrich Christoph, Graf zu (1708-1789)",1708-1789,Man
51521,"Drew, William","Drew, William",-,Man
57059,"Price, James","Price, James (of Quebec)",1740-,Man
247040,"Churchill, Charles","Churchill, Charles (1731-1764)",1731-1764,Man
RN-ORG-0064,,,,
49897,"Butler, John","Butler, John (1728-1796)",1728-1796,Man
247440,"Crocco, Giacomo Francisco","Crocco, Giacomo Francisco",-,Man
RN-PER-0234,,,,
RN-ORG-0393,,,,
RN-PER-0793,,,,
RN-ORG-0289,,,,
261233,"Melville, Robert","Melville, Robert (1723-1809)",1723-1809,Man
347187,"Argental, Charles-Augustin Ferriol, comte d'","Argental, Charles-Augustin Ferriol, comte d'",1700-1788,Man
240617,"Boufflers-Rouverel, Marie Charlotte Hippolyte de Camps de Saujon, comtesse de","Boufflers-Rouverel, Marie Charlotte Hippolyte de Camps de Saujon, comtesse de (1724-1800)",1724-1800,Woman
129450,"Alembert, Jean-Baptiste le Rond [d']","Alembert, Jean-Baptiste le Rond [d'] (1717-1783)",1717-1783,Man
RN-PER-0442,,,,
278874,"Ormesson, Henri François de Paule IV Lefèvre d'","Ormesson, Henri François de Paule IV Lefèvre d' (1751-1808)",1751-1808,Man
RN-PER-0020,,,,
347904,"Cigna, Gian Francesco","Cigna, Gian Francesco",1734-1791,Man
267164,"Pamphili, Giuseppe Doria","Pamphili, Giuseppe Doria (1751-1816)",1751-1816,Man
275114,"Turpin, Philip","Turpin, Philip (TJ's cousin)",1749-1828,Man
RN-BUS-0040,,,,
51238,"Dawson, Thomas","Dawson, Thomas (1715-1760)",1715-1760,Man
349383,"Lavau, Ann Hudson de","Lavau, Ann Hudson de",-,Woman
RN-PER-0007,,,,
278578,"Yates, Christopher P.","Yates, Christopher P.",1750-1815,Man
51130,"Darby, John","Darby, John",-,Man
349901,"Monet, Jean-Antoine, comte de","Monet, Jean-Antoine, comte de (1703-1795)",1703-1795,Man
265641,"Pignatelli, Michele, Conte","Pignatelli, Michele, Conte (Sicilian diplomat)",-,Man
129314,"Robertson, William","Robertson, William (1740-1803)",1740-1803,Man
55005,"Lyman, Daniel","Lyman, Daniel (1756-1830)",1756-1830,Man
53219,"Hawkins, Benjamin","Hawkins, Benjamin (1754-1818)",1754-1818,Man
348207,"Deudon, A. C. G.","Deudon, A. C. G.",-,
RN-PER-0457,,,,
RN-PER-0544,,,,
264722,"Nagle, Christian","Nagle, Christian",-,Man
52956,"Hall, Lyman","Hall, Lyman (1724-1790)",1724-1790,Man
349039,"Hooke de L’Etang, Séraphin-Guillaume","Hooke de L’Etang, Séraphin-Guillaume",-,Man
RN-PER-0523,,,,
52243,"Fraunces, Samuel","Fraunces, Samuel (1722-1795, “Black Sam”)",1722-1795,Man
52052,"Fitch, Eliphalet","Fitch, Eliphalet (b. 1740)",1740-,Man
348378,"Düeil, Mrs. de Gravellines","Düeil, Mrs. de Gravellines",-,Woman
57501,"Rochefontaine, Etienne Nicolas Marie Béchet, Chevalier de","Rochefontaine, Etienne Nicolas Marie Béchet, Chevalier de (1755-1814)",1755-1814,Man
348420,"Enneville, Rose-Aimée Du Buc d’","Enneville, Rose-Aimée Du Buc d’",-,Man
347894,"Choiseul-Meuse, Catherine d'Idier, comtesse de","Choiseul-Meuse, Catherine d'Idier, comtesse de",-,Woman
348267,"Du Buc, Jean-Baptiste","Du Buc, Jean-Baptiste",1717-1795,Man
RN-PER-0104,,,,
RN-PER-0101,,,,
RN-PER-0228,,,,
RN-PER-0686,,,,
RN-PER-0658,,,,
RN-PER-0192,,,,
58585,"Stockton, Robert","Stockton, Robert (1730-1805)",1730-1805,Man
263955,"Mehegan, John","Mehegan, John (priest)",-,Man
RN-PER-0683,,,,
RN-PER-0120,,,,
52484,"Giles, Aquila","Giles, Aquila (1757-1822)",1757-1822,Man
RN-PER-0740,,,,
54407,"Langdon, John","Langdon, John (1741-1819)",1741-1819,Man
259794,"L'Hommedieu, Ezra","L'Hommedieu, Ezra",1734-1811,Man
244579,"Crillon-Mahon, Louis de Berton des Balbes de Quiers, duc de","Crillon-Mahon, Louis de Berton des Balbes de Quiers, duc de (1717-1796)",1717-1796,Man
RN-PER-0200,,,,
53637,"Howell, David","Howell, David (1747-1824)",1747-1824,Man
56930,"Polson, John, Jr.","Polson, John, Jr. (d. 1815)",-1815,Man
RN-ORG-0100,,,,
49715,"Brühl, Aloys Friedrich, Graf von","Brühl, Aloys Friedrich, Graf von (1739-1793)",1739-1793,Man
57714,"Safford, Samuel","Safford, Samuel (1737-1813)",1737-1813,Man
348278,"Du Ponceau, Jean-Michel","Du Ponceau, Jean-Michel",1762-1835,Man
54725,"Lewis, Robert","Lewis, Robert (1714-1790, Pennsylvania)",1714-1790,Man
240051,"Angiviller, Charles Claude de La Billarderie, Comte d'","Angiviller, Charles Claude de La Billarderie, Comte d' (1730-1810)",1730-1810,Man
RN-PER-0602,,,,
304928,"Covenhoven, Nicholas","Covenhoven, Nicholas",-,Man
RN-PER-0430,,,,
261347,"Montgolfier, Jacques Etienne","Montgolfier, Jacques Etienne (1745-1799)",1745-1799,Man
RN-PER-0133,,,,
RN-PER-0218,,,,
53183,"Haskell, Elnathan","Haskell, Elnathan (1725-1783)",1725-1783,Man
52419,"Gebhard, John Gabriel","Gebhard, John Gabriel (1750-1826)",1750-1826,Man
129019,"Cullen, William","Cullen, William (1710-1790)",1710-1790,Man
RN-PER-0054,,,,
262588,"Murphy, Patrick","Murphy, Patrick (b. 1735, of Pa.)",1735-,Man
303567,Strubling,"Strubling (Strubing, Shubing), Philip (Philippe)",-,Man
260884,"Loreilhe, Zachariah","Loreilhe, Zachariah",-,Man
RN-PER-0272,,,,
141122,"Valnais, Eunice Quincy","Valnais, Eunice Quincy (1760-1791)",1760-1791,Woman
RN-PER-0517,,,,
248626,"Dagge, Henry","Dagge, Henry (d. 1795)",-1795,Man
50275,"Champion, Richard","Champion, Richard (1743-1791)",1743-1791,Man
50296,"Chapman, George","Chapman, George (1723-1806)",1723-1806,Man
347536,"Boudinot, Lewis","Boudinot, Lewis",1753-1789,Man
RN-PER-0328,,,,
269080,"Robespierre, Maximilien François Marie Isidore de","Robespierre, Maximilien François Marie Isidore de (1758-1794)",1758-1794,Man
249590,"Ducarne de Blangy, Jacques Joseph","Ducarne de Blangy, Jacques Joseph",-,Man
52433,"Genet, Edmond Charles","Genet, Edmond Charles (1763-1834)",1763-1834,Man
349021,"His, Madame","His, Madame",-,Woman
53513,"Hollis, Thomas Brand","Hollis, Thomas Brand (1719-1804)",1719-1804,Man
RN-PER-0805,,,,
349697,"Manini, Lorenzo","Manini, Lorenzo",-,Man
RN-PER-0573,,,,
58934,"Thompson, Elizabeth","Thompson, Elizabeth (GW's housekeeper)",-,Woman
349954,"Morel Dufaux, Benjamin","Morel Dufaux, Benjamin",-,Man
RN-PER-0667,,,,
RN-PER-0010,,,,
261422,"Munro, Peter Jay","Munro, Peter Jay",-,Man
RN-PER-0119,,,,
50392,"Childs, Francis","Childs, Francis (1763-1830)",1763-1830,Man
RN-BUS-0065,,,,
59350,"Van Winter, Lucretia Wilhelmina van Mercken","Van Winter, Lucretia Wilhelmina van Mercken",-,Woman
348071,"Curwen, John","Curwen, John",-,Man
RN-PER-0182,,,,
RN-PER-0637,,,,
349853,"Meyer, Moritz Chretien","Meyer, Moritz Chretien",-,Man
RN-PER-0243,,,,
57964,"Shaw, Samuel","Shaw, Samuel (1754–1794)",1754-1794,Man
RN-PER-0257,,,,
RN-PER-0078,,,,
RN-PER-0048,,,,
349354,"Landriani, Marsilio","Landriani, Marsilio",-,Man
60374,"Zabriskie, Peter","Zabriskie, Peter (1721-1791)",1721-1791,Man
50777,"Copley, John Singleton","Copley, John Singleton (1738-1815)",1738-1815,Man
53601,"Houdin, Michael Gabriel","Houdin, Michael Gabriel (d. 1802)",-1802,Man
RN-PER-0114,,,,
RN-PER-0541,,,,
244253,"Chauncy, Charles","Chauncy, Charles (1747-1823, New Haven lawyer)",1747-1823,Man
347951,"Collinson, Thomas","Collinson, Thomas",1726-1803,Man
RN-PER-0468,,,,
56821,"Pickering, Timothy","Pickering, Timothy (1703-1778)",1703-1778,Man
RN-PER-0307,,,,
249906,"Elliot, Andrew","Elliot, Andrew (d. 1797)",1728-1797,Man
RN-PER-0073,,,,
RN-PER-0045,,,,
RN-PER-0649,,,,
348874,"Guffroy, Armand-Benoît-Joseph","Guffroy, Armand-Benoît-Joseph",1742-1801,Man
49173,"Bingham, Anne Willing","Bingham, Anne Willing (1764-1801)",1764-1801,Woman
49589,"Bristow, Mary Harding","Bristow, Mary Harding",-,Woman
RN-PER-0529,,,,
RN-PER-0313,,,,
RN-PER-0314,,,,
249516,"Douglas, Katherine Sprowle","Douglas, Katherine Sprowle",-,Woman
RN-PER-0480,,,,
57202,"Randolph, Martha","Randolph, Martha (Patsy) Jefferson (1772-1836)",1772-1836,Woman
54760,"Lillie, John","Lillie, John (1752-1801)",1752-1801,Man
RN-PER-0345,,,,
251872,"Fowler, Theodosius","Fowler, Theodosius",-,Man
RN-PER-0763,,,,
329209,"Galloway, David","Galloway, David",-,Man
266116,"Périn, ——, baron de","Périn, ——, baron de",-,Man
59345,"Van Voorhees, Minne","Van Voorhees, Minne (1754-1794)",1754-1794,Man
56246,"Nisbet, Charles","Nisbet, Charles (1736-1804)",1736-1804,Man
RN-PER-0532,,,,
274059,"Trist, Elizabeth House","Trist, Elizabeth House (1751-1828)",1751-1828,Woman
52712,"Gray, George","Gray, George (1725-1800)",1725-1800,Man
RN-ORG-0399,,,,
60136,"Winchester, Elhanan","Winchester, Elhanan (1751-1797)",1751-1797,Man
RN-PER-0531,,,,
50137,"Carr, Peter","Carr, Peter (1770-1815)",1770-1815,Man
348359,"Durivault, Mr. Bouttret, fils","Durivault, Mr. Bouttret, fils",-,Man
RN-PER-0217,,,,
RN-PER-0157,,,,
49481,"Bradford, William, Jr.","Bradford, William, Jr. (1755-1795)",1755-1795,Man
58496,"Sterett, Samuel","Sterett, Samuel (1758-1833)",1758-1833,Man
RN-PER-0432,,,,
RN-PER-0700,,,,
57937,"Shallcross, Joseph","Shallcross, Joseph",-,Man
RN-PER-0221,,,,
RN-PER-0072,,,,
RN-PER-0258,,,,
RN-PER-0562,,,,
RN-PER-0757,,,,
RN-PER-0141,,,,
53122,"Harrison, Burr","Harrison, Burr (1699-1775)",1699-1775,Man
348041,"Creuzé, Mr.","Creuzé, Mr.",-,Man
56731,"Perkins, William Lee","Perkins, William Lee (d. 1797)",1737-1797,Man
49373,"Bougainville, Louis-Antoine de","Bougainville, Louis-Antoine de (1729-1811)",1729-1811,Man
49543,"Breteuil, Louis-Auguste de Tonnelier, baron de","Breteuil, Louis-Auguste de Tonnelier, baron de (1730-1807)",1730-1807,Man
247041,"Cicé, Jerome Marie Champion de","Cicé, Jerome Marie Champion de (1735-1810)",1735-1810,Man
RN-PER-0695,,,,
276385,Walter,"Walter (Waller), John (bookseller)",-,Man
249662,"Dupaty, Charles Marquerite Jean Baptiste Mercier","Dupaty, Charles Marquerite Jean Baptiste Mercier (1746-1788)",1746-1788,Man
50719,"Conway, Richard","Conway, Richard (1740-1808)",1740-1808,Man
56213,"Nicholas, Wilson Cary","Nicholas, Wilson Cary (1761-1820)",1761-1820,Man
RN-PER-0842,"Ahax, ——, baronne d’","Ahax, ——, baronne d’",,
RN-PER-0843,"Allemand, ——","Allemand, ——",,
RN-PER-0850,"Barons, Anthony","Barons, Anthony",,
RN-PER-0844,"Bon de Corcelles, Pierre","Bon de Corcelles, Pierre",,
RN-PER-0845,"Nicoll, Edward","Nicoll, Edward",,
RN-PER-0841,"Young, Captain","Young, Captain",,
RN-PER-0846,"K., C. W.","K., C. W.",,
RN-PER-0847,"H., J.","H., J.",,
RN-PER-0848,"Lecomte, Marguerite","Lecomte, Marguerite",,
RN-PER-0851,"Moody, William","Moody, William",,
RN-PER-0852,"Baddeley, John","Baddeley, John",,
RN-PER-0849,"Stamitz, Charles","Stamitz, Charles",,
RN-PER-0853,"Burrowes, Eden","Burrowes, Eden",,
348274,"Du Mourier, Mr.","Du Mourier, Mr.",,
106493,"Welles, John","Welles, John (commissioner)",,
151392,"Chamier, Achsah Ridgely Holliday Carnan","Chamier, Achsah Ridgely Holliday Carnan (1729-1778)",1729-1778,
348862,"Grove, Silvanus","Grove, Silvanus",,
253932,Hahn,"Hahn (Dehahn), Johann David (1729-1784, Professor at Leyden)",1729-1784,
348369,"Duverger, Mr.","Duverger, Mr.",,
365721,"Wales, Eleazer","Wales, Eleazer",,
60019,"Willard, Aaron","Willard, Aaron",,
347539,"Bouffé, Pierre-Gabriel","Bouffé, Pierre-Gabriel",,
347520,"Borde Duchatelet, --, baron de","Borde Duchatelet, --, baron de",,
55412,"McClenachan, Blair","McClenachan, Blair (d. 1812)",,
305363,"Hill, Thomas","Hill, Thomas",,
53845,"Innes, James","Innes, James (1754-1798)",1754-1798,
242369,"Barnwell, John","Barnwell, John",,
49488,"Bradshaw, John","Bradshaw, John (of London)",,
260846,"Lloyd, Mrs. Richard","Lloyd, Mrs. Richard",,
347247,"Backhaus, Jean-Guillaume","Backhaus, Jean-Guillaume",,
351105,"Whipple, Job","Whipple, Job",,
348987,"Henderson, Robert","Henderson, Robert",,
